LONGITUDE,LATITUDE,RANK,CODIGO_IBGE,CODIGO_TSE,MUNICÍPIO_y,UF_y,TOTAL VOTOS VÁLIDOS,VENCEDOR,Tarcísio,Fernando Haddad,Rodrigo Garcia,Vinicius Poit,Elvis Cezar,Carol Vigliar,Gabriel Colombo,Altino,Antonio Jorge,Edson Dorta,VOTOS SOLTOS,PCT_SOLTOS,GSP
-46.64950708619905,-23.64635260623289,573,3550308,71072,SÃO PAULO,SP,6321002,Fernando Haddad,2057965,2804984,1183517,148421,71006,29269,15098,5661,3182,1899,1458053,23.1,True
-46.45475363262787,-23.40473470960008,205,3518800,64777,GUARULHOS,SP,639392,Tarcísio,261531,251353,100998,10417,9602,2975,1438,480,462,136,126508,19.8,True
-47.04531795883521,-22.882298079173243,101,3509502,62910,CAMPINAS,SP,594043,Tarcísio,274044,218272,79146,12085,5234,2613,1618,372,247,412,101727,17.1,False
-46.55044035684496,-23.813691537670106,555,3548708,70750,SÃO BERNARDO DO CAMPO,SP,447862,Fernando Haddad,144394,200752,83942,11376,3489,2451,864,330,195,69,102716,22.9,True
-45.92734959485769,-23.089196694242485,564,3549904,70998,SÃO JOSÉ DOS CAMPOS,SP,399491,Tarcísio,213519,116373,55845,8007,2804,1392,827,458,212,54,69599,17.4,False
-46.4461985735705,-23.725027348873933,529,3547809,70572,SANTO ANDRÉ,SP,398688,Fernando Haddad,149338,155087,76111,10505,3771,2399,936,263,182,96,94263,23.6,True
-46.79153790051012,-23.533139797151357,382,3534401,67890,OSASCO,SP,396063,Fernando Haddad,139041,158797,76688,8319,9553,2006,1021,311,245,82,98225,24.8,True
-47.449694666491105,-23.46574851005715,549,3552205,71455,SOROCABA,SP,360380,Tarcísio,184101,114808,49580,6188,3027,1500,793,169,128,86,61471,17.1,False
-47.821517808115594,-21.213668944579222,480,3543402,69698,RIBEIRÃO PRETO,SP,310185,Tarcísio,150509,99818,48876,5899,2647,1288,729,217,135,67,59858,19.3,False
-46.28945640683158,-23.86880333742198,536,3548500,70718,SANTOS,SP,245668,Tarcísio,113552,81488,41502,5132,1913,1144,633,130,121,53,50628,20.6,False
-49.35664399233146,-20.798004856174682,563,3549805,70971,SÃO JOSÉ DO RIO PRETO,SP,239043,Tarcísio,129687,53288,50429,3038,1310,627,462,107,67,28,56068,23.5,False
-46.91112586150886,-23.191729382648806,288,3525904,66192,JUNDIAÍ,SP,231665,Tarcísio,113581,62294,46721,5375,1921,991,507,109,112,54,55790,24.1,False
-46.61582070360729,-23.701841306239256,147,3513801,63770,DIADEMA,SP,229590,Fernando Haddad,65369,124083,31688,4037,2383,1353,398,162,79,38,40138,17.5,True
-46.18615422570718,-23.571533267061078,341,3530607,67130,MOGI DAS CRUZES,SP,220689,Tarcísio,90039,74996,47448,4054,2218,1116,467,149,152,50,55654,25.2,True
-46.44773056886214,-23.660716006337793,326,3529401,66893,MAUÁ,SP,207459,Fernando Haddad,71637,95057,31865,3763,2620,1767,439,142,117,52,40765,19.6,True
-47.78248394452581,-22.723885063765447,428,3538709,68756,PIRACICABA,SP,205061,Tarcísio,119942,53006,24995,3734,1535,727,845,101,89,87,32113,15.7,False
-46.83870387214235,-23.554402419184775,112,3510609,63134,CARAPICUÍBA,SP,199471,Fernando Haddad,60782,85026,43268,2419,6751,678,334,110,64,39,53663,26.9,True
-46.86939696372305,-23.50983459639545,56,3505708,62138,BARUERI,SP,195098,Tarcísio,69837,66520,37265,3106,17083,739,346,101,77,24,58741,30.1,True
-49.12496942957746,-22.25532975250499,60,3506003,62197,BAURU,SP,187476,Tarcísio,95526,57921,28073,2999,1492,671,551,104,94,45,34029,18.2,False
-46.485005447639,-23.960377343244577,580,3551009,71218,SÃO VICENTE,SP,175267,Tarcísio,77105,64999,28948,1741,1374,589,312,98,87,14,33163,18.9,False
-47.379860620158105,-20.55657195415317,181,3516200,64254,FRANCA,SP,170130,Tarcísio,88354,49177,28442,2303,941,484,272,58,72,27,32599,19.2,False
-46.52721432382663,-24.01784288081836,454,3541000,69213,PRAIA GRANDE,SP,164757,Tarcísio,80895,54198,24829,2244,1409,636,316,113,81,36,29664,18.0,False
-46.32904536244424,-23.46470021184577,258,3523107,65633,ITAQUAQUECETUBA,SP,162668,Fernando Haddad,50761,71148,35946,1695,1999,612,253,128,95,31,40759,25.1,True
-45.50097287053745,-23.086026663263734,599,3554102,71838,TAUBATÉ,SP,161156,Tarcísio,86469,39527,28998,3371,1276,665,372,60,389,29,35160,21.8,False
-46.22345654827794,-23.9442011110847,204,3518701,64750,GUARUJÁ,SP,159581,Tarcísio,78605,56251,19812,2117,1722,611,279,95,63,26,24725,15.5,False
-47.36384805081017,-22.598876781912793,299,3526902,66397,LIMEIRA,SP,157678,Tarcísio,102782,34373,16349,2069,1082,529,332,53,83,26,20523,13.0,False
-46.31159382109175,-23.609465913486446,552,3552502,71510,SUZANO,SP,151846,Fernando Haddad,55992,58611,32160,2097,1788,649,299,117,103,30,37243,24.5,True
-46.80355366666661,-23.6221226656666,583,3552809,71579,TABOÃO DA SERRA,SP,150668,Fernando Haddad,47167,71963,25176,2894,2119,791,313,134,82,29,31538,20.9,True
-46.839366360617596,-23.652332181962088,162,3515004,64017,EMBU DAS ARTES,SP,137241,Fernando Haddad,47097,66275,19023,2033,1772,514,291,122,64,50,23869,17.4,True
-47.260801295419405,-22.84152468134829,551,3552403,71498,SUMARÉ,SP,132875,Tarcísio,63745,49056,16413,1586,1168,437,271,74,54,71,20074,15.1,False
-47.19962844762784,-23.104487662755233,231,3520509,65110,INDAIATUBA,SP,130375,Tarcísio,66999,33996,24818,2208,1271,648,263,70,68,34,29380,22.5,False
-46.9574688688928,-23.673856910430338,136,3513009,63614,COTIA,SP,127253,Fernando Haddad,46072,50338,25098,2422,2166,680,302,84,66,25,30843,24.2,True
-47.28284337729918,-22.723258906415193,12,3501608,61310,AMERICANA,SP,126127,Tarcísio,71780,32746,17186,2127,1390,498,283,35,57,25,21601,17.1,False
-47.86770701578551,-21.91970806006743,557,3548906,70793,SÃO CARLOS,SP,125811,Tarcísio,51718,48302,21219,2211,1009,568,540,129,92,23,25791,20.5,False
-49.982045893086735,-22.178368884961245,324,3529005,66818,MARÍLIA,SP,121892,Tarcísio,70955,27888,20240,1292,840,311,253,66,30,17,23049,18.9,False
-45.989092005612,-23.30200656850703,273,3524402,65897,JACAREÍ,SP,121557,Tarcísio,59933,35248,22334,2084,1033,412,221,195,80,17,26376,21.7,False
-51.3417143364571,-21.990885756557503,459,3541406,69299,PRESIDENTE PRUDENTE,SP,121111,Tarcísio,71971,28510,18249,1381,543,262,133,27,25,10,20630,17.0,False
-48.18020057662401,-21.790713115090554,27,3503208,61638,ARARAQUARA,SP,117255,Fernando Haddad,47331,50395,15708,2001,937,421,257,92,57,56,19529,16.7,False
-47.21040428176611,-22.878465144467093,213,3519071,61727,HORTOLÂNDIA,SP,114695,Tarcísio,50845,46501,14248,1434,896,382,224,61,44,60,17349,15.1,False
-46.96714986721855,-23.55126101589195,252,3522505,65510,ITAPEVI,SP,110487,Fernando Haddad,29855,45326,31445,935,2425,263,131,59,29,19,35306,32.0,True
-46.57000435307401,-23.631868002497303,556,3548807,70777,SÃO CAETANO DO SUL,SP,107926,Tarcísio,47784,30683,23858,3806,761,648,267,73,32,14,29459,27.3,True
-50.575831464336765,-21.112930405736805,30,3502804,61557,ARAÇATUBA,SP,106402,Tarcísio,60654,23443,20194,1192,477,234,142,25,30,11,22305,21.0,False
-47.57896159802164,-22.37476476369095,486,3543907,69795,RIO CLARO,SP,102884,Tarcísio,58351,26119,15548,1352,760,383,275,43,29,24,18414,17.9,False
-47.42558599225624,-22.80029274298001,509,3545803,70173,SANTA BÁRBARA D'OESTE,SP,98992,Tarcísio,55354,27006,13581,1387,911,383,215,49,73,33,16632,16.8,False
-46.557151639101875,-22.938046127409503,79,3507605,62510,BRAGANÇA PAULISTA,SP,89487,Tarcísio,44667,19482,22748,1417,631,266,178,35,49,14,25338,28.3,False
-46.37229868845574,-23.5617667983256,176,3515707,64157,FERRAZ DE VASCONCELOS,SP,88518,Fernando Haddad,27796,42453,15477,1084,1128,332,124,65,43,16,18269,20.6,True
-46.71798109483914,-23.27461322886186,182,3516309,64270,FRANCISCO MORATO,SP,84497,Fernando Haddad,25006,46084,10902,686,1274,293,138,64,38,12,13407,15.9,True
-47.284710442911035,-23.30764657302116,267,3523909,65790,ITU,SP,84028,Tarcísio,44019,22424,14769,1555,655,344,161,40,40,21,17585,20.9,False
-46.85992114125624,-23.736501625680695,249,3522208,65455,ITAPECERICA DA SERRA,SP,82152,Fernando Haddad,26273,39959,13194,1138,1001,325,148,63,39,12,15920,19.4,True
-45.45790665224272,-22.880016923869196,422,3538006,68616,PINDAMONHANGABA,SP,81668,Tarcísio,39890,22838,16451,1222,612,319,178,45,94,19,18940,23.2,False
-47.02847343090509,-22.233112079078065,339,3530706,67156,MOGI GUAÇU,SP,79214,Tarcísio,45171,17068,15391,740,437,214,128,29,21,15,16975,21.4,False
-46.58607473719008,-23.119410788797797,41,3504107,61816,ATIBAIA,SP,77921,Tarcísio,39779,20220,14962,1595,693,353,198,56,51,14,17922,23.0,False
-48.12137013041199,-23.643147176170903,250,3522307,65471,ITAPETININGA,SP,77792,Tarcísio,44474,19905,11662,818,531,180,146,44,22,10,13413,17.2,False
-46.91596076843219,-23.451800803595503,527,3547304,70475,SANTANA DE PARNAÍBA,SP,75135,Elvis Cezar,22733,16262,6037,1132,28687,140,104,23,8,9,36140,48.1,True
-48.465838668192575,-22.862722874703824,78,3507506,62499,BOTUCATU,SP,73798,Tarcísio,32374,23143,15757,999,947,268,205,54,37,14,18281,24.8,False
-48.555663357092094,-22.296834783277262,282,3525300,66079,JAÚ,SP,70014,Tarcísio,41975,14691,11589,807,501,223,136,57,19,16,13348,19.1,False
-45.48153310151603,-23.634951357554876,111,3510500,63118,CARAGUATATUBA,SP,69991,Tarcísio,32141,20239,15752,896,504,230,128,52,46,3,17611,25.2,False
-46.73342172704061,-23.315044574474186,183,3516408,64297,FRANCO DA ROCHA,SP,68339,Fernando Haddad,23080,34898,8209,728,937,250,122,64,33,18,10361,15.2,True
-47.325338833958625,-22.348555893037158,28,3503307,61654,ARARAS,SP,67630,Tarcísio,36517,15990,13320,918,458,218,135,29,26,19,15123,22.4,False
-45.23188774581904,-22.793323045736596,200,3518404,64696,GUARATINGUETÁ,SP,66296,Tarcísio,36094,16907,11553,860,493,206,106,29,41,7,13295,20.1,False
-47.30086731192967,-23.18132063567757,502,3545209,70050,SALTO,SP,65589,Tarcísio,32330,20462,10611,1116,560,283,144,30,37,16,12797,19.5,False
-46.405400801871735,-23.86750963300337,141,3513504,63711,CUBATÃO,SP,65406,Fernando Haddad,24880,27650,11238,666,624,197,100,24,19,8,12876,19.7,False
-46.98266302890723,-22.977107693865896,624,3556206,72257,VALINHOS,SP,65353,Tarcísio,34617,17617,10447,1650,544,240,135,31,32,40,13119,20.1,False
-46.348749216999956,-23.530457248666586,451,3539806,68977,POÁ,SP,63666,Fernando Haddad,24030,25697,11416,1049,982,256,138,57,35,6,13939,21.9,True
-48.00715005847725,-21.12586114752189,544,3551702,71358,SERTÃOZINHO,SP,63136,Tarcísio,28816,21740,11146,718,380,177,106,24,13,16,12580,19.9,False
-47.39895885750246,-23.580265843916475,634,3557006,72435,VOTORANTIM,SP,62294,Tarcísio,30873,21020,8707,850,480,205,111,17,22,9,10401,16.7,False
-46.40203164339236,-23.698048690854066,479,3543303,69671,RIBEIRÃO PIRES,SP,60625,Fernando Haddad,21952,23316,12770,1220,704,408,165,51,32,7,15357,25.3,True
-48.965479908709185,-21.13358199333534,116,3511102,63231,CATANDUVA,SP,59977,Tarcísio,34039,15124,9466,667,395,144,105,14,15,8,10814,18.0,False
-50.34893134223163,-21.258237802632987,66,3506508,62294,BIRIGUI,SP,58807,Tarcísio,38323,12309,7070,576,304,118,68,20,15,4,8175,13.9,False
-47.86798479962611,-23.3602235552223,598,3554003,71811,TATUÍ,SP,58620,Tarcísio,31129,14598,11634,580,366,194,82,14,12,11,12893,22.0,False
-47.14818230828987,-22.750255343495986,407,3536505,68314,PAULÍNIA,SP,58522,Tarcísio,29244,19057,8002,1067,550,328,162,40,56,16,10221,17.5,False
-46.81341937986113,-23.006835338993103,261,3523404,65692,ITATIBA,SP,57944,Tarcísio,29392,13122,13224,994,749,271,107,36,34,15,15430,26.6,False
-48.6513300461913,-20.512280226043845,54,3505500,62090,BARRETOS,SP,57535,Tarcísio,29602,15616,11025,610,408,136,72,23,42,1,12317,21.4,False
-46.82503160635001,-23.219725841832894,636,3556503,72338,VÁRZEA PAULISTA,SP,56751,Tarcísio,25201,19073,11059,606,464,201,88,20,33,6,12477,22.0,False
-46.8967176533958,-23.543982996198284,279,3525003,66010,JANDIRA,SP,54454,Fernando Haddad,18197,21721,11377,720,2065,175,112,53,28,6,14536,26.7,True
-49.85259667629003,-22.950728694695812,385,3534708,67954,OURINHOS,SP,53336,Tarcísio,27942,15816,8652,361,303,120,80,30,15,17,9578,18.0,False
-46.83399042419173,-24.09034168464934,247,3522109,65439,ITANHAÉM,SP,52795,Tarcísio,22763,18377,10117,585,501,268,119,18,38,9,11655,22.1,False
-45.71243132927385,-23.103316256860147,118,3508504,62715,CAÇAPAVA,SP,50569,Tarcísio,27014,12178,9755,866,386,155,106,42,58,9,11377,22.5,False
-50.419375352977454,-22.602997049695492,40,3504008,61794,ASSIS,SP,49647,Tarcísio,25835,15547,7086,563,410,93,83,10,15,5,8265,16.6,False
-49.989266120190166,-20.46000624185517,635,3557105,72451,VOTUPORANGA,SP,48970,Tarcísio,26551,10808,10898,402,160,84,49,10,4,4,11611,23.7,False
-45.02581825518773,-23.377477950523936,616,3555406,72095,UBATUBA,SP,48902,Tarcísio,26753,14706,6264,510,370,161,72,26,24,16,7443,15.2,False
-46.74861830575283,-23.378515539322553,94,3509007,62812,CAIEIRAS,SP,48681,Fernando Haddad,18596,19307,8970,696,759,196,94,31,23,9,10778,22.1,True
-47.33754281782879,-22.173198529522757,297,3526704,66354,LEME,SP,48295,Tarcísio,27506,12962,6736,431,409,115,88,10,23,15,7827,16.2,False
-46.32051746016743,-23.38643796146389,38,3503901,61778,ARUJÁ,SP,47904,Tarcísio,21088,16770,8302,834,544,206,114,19,19,8,10046,21.0,True
-48.872747843163005,-23.914458840953923,251,3522406,65498,ITAPEVA,SP,47074,Tarcísio,23803,13966,8513,333,281,81,64,13,18,2,9305,19.8,False
-46.801940134767044,-21.978122282043234,565,3549102,70831,SÃO JOÃO DA BOA VISTA,SP,46935,Tarcísio,24494,11828,9475,632,272,113,84,18,10,9,10613,22.6,False
-46.98935768228064,-22.451641142182485,340,3530805,67172,MOGI MIRIM,SP,46216,Tarcísio,27136,10152,7759,526,385,144,75,15,19,5,8928,19.3,False
-46.873902237214736,-23.349448397349992,96,3509205,62855,CAJAMAR,SP,45905,Tarcísio,17098,16769,4792,595,6358,159,87,21,13,13,12038,26.2,True
-45.60741533915262,-23.749139769431284,577,3550704,71153,SÃO SEBASTIÃO,SP,45214,Tarcísio,17953,17315,8865,422,375,167,69,18,24,6,9946,22.0,False
-46.5613869061637,-23.316909028323863,316,3528502,66710,MAIRIPORÃ,SP,44596,Tarcísio,19780,13153,10555,442,363,146,86,21,27,23,11663,26.2,True
-46.979927237771605,-23.04662727456271,630,3556701,72370,VINHEDO,SP,44084,Tarcísio,24683,10778,6813,1038,421,188,104,32,20,7,8623,19.6,False
-48.42912160257202,-21.60976660034144,325,3529302,66877,MATÃO,SP,43984,Tarcísio,19909,13588,9609,411,256,105,74,11,14,7,10487,23.8,False
-45.061622686715744,-22.79100097625289,302,3527207,66451,LORENA,SP,43859,Tarcísio,23243,10875,8399,597,465,144,79,24,29,4,9741,22.2,False
-48.892986435141694,-23.07380642921951,44,3504503,61891,AVARÉ,SP,42974,Tarcísio,23350,12681,5961,456,326,119,47,12,17,5,6943,16.2,False
-46.75958839795751,-23.219994138679322,102,3509601,62936,CAMPO LIMPO PAULISTA,SP,40826,Tarcísio,18602,14130,6743,607,456,172,61,24,17,14,8094,19.8,False
-47.109728549926785,-23.548445532868413,576,3550605,71137,SÃO ROQUE,SP,40676,Tarcísio,16236,12468,10651,502,553,158,67,20,19,2,11972,29.4,False
-45.00775994411475,-22.550794830816976,139,3513405,63690,CRUZEIRO,SP,39758,Tarcísio,15581,8686,14622,434,220,94,73,14,29,5,15491,39.0,False
-47.21590612465258,-23.802710022886178,221,3519709,64955,IBIÚNA,SP,39636,Tarcísio,19066,9853,9308,404,783,123,62,23,13,1,10717,27.0,False
-48.508916581580976,-20.941968205643363,61,3506102,62219,BEBEDOURO,SP,38595,Tarcísio,21197,8299,8423,293,212,95,44,15,13,4,9099,23.6,False
-47.38708366963952,-21.995725960293406,434,3539301,68870,PIRASSUNUNGA,SP,38438,Tarcísio,22493,8659,6089,533,410,132,77,20,21,4,7286,19.0,False
-47.01290820079478,-24.28042334189185,418,3537602,68535,PERUÍBE,SP,38364,Tarcísio,17391,11990,8164,311,262,138,59,23,22,4,8983,23.4,False
-49.68411952868154,-21.6499729149088,301,3527108,66435,LINS,SP,37289,Tarcísio,23310,7909,5447,290,190,73,40,18,10,2,6070,16.3,False
-46.797573897021174,-22.698909805214406,13,3501905,61379,AMPARO,SP,36697,Tarcísio,19964,8751,7033,462,269,114,67,19,13,5,7982,21.8,False
-46.77071500950791,-22.431325945781317,253,3522604,65536,ITAPIRA,SP,35931,Tarcísio,19615,8741,6666,478,232,99,71,15,10,4,7575,21.1,False
-48.28785728990912,-21.218322947200505,272,3524303,65870,JABOTICABAL,SP,35919,Tarcísio,17894,9706,7514,365,234,118,51,18,11,8,8319,23.2,False
-46.82930524339545,-23.855161916709484,163,3515103,64033,EMBU-GUAÇU,SP,35251,Fernando Haddad,11671,14525,7868,565,382,125,62,28,15,10,9055,25.7,True
-50.28115889112587,-20.26994041613032,174,3515509,64114,FERNANDÓPOLIS,SP,35115,Tarcísio,18122,9781,6681,259,150,75,22,12,9,4,7212,20.5,False
-48.825192667048086,-22.676181977710232,298,3526803,66370,LENÇÓIS PAULISTA,SP,35082,Tarcísio,20563,6376,7418,302,239,85,66,11,16,6,8143,23.2,False
-47.28291630732134,-22.78516821447899,372,3533403,67695,NOVA ODESSA,SP,33332,Tarcísio,17068,9794,5496,485,279,112,67,9,10,12,6470,19.4,False
-50.53519718398719,-21.94586635902291,612,3555000,72010,TUPÃ,SP,33043,Tarcísio,21876,7294,3276,323,168,47,34,12,8,5,3873,11.7,False
-46.02717940865341,-23.759162261908816,64,3506359,61280,BERTIOGA,SP,31828,Tarcísio,15689,10602,4820,299,236,100,44,17,18,3,5537,17.4,False
-47.03163232668861,-21.448879948893303,338,3530508,67113,MOCOCA,SP,31342,Tarcísio,16957,8412,5335,280,207,65,51,10,18,7,5973,19.1,False
-47.81982081692864,-24.503510518751533,472,3542602,69531,REGISTRO,SP,31253,Tarcísio,16261,9372,5082,234,173,64,38,10,12,7,5620,18.0,False
-46.66824897183236,-24.071901076671995,343,3531100,67237,MONGAGUÁ,SP,31128,Tarcísio,13495,11578,5241,330,288,118,40,19,17,2,6055,19.5,False
-50.09398003279018,-21.404487275354416,415,3537305,68470,PENÁPOLIS,SP,30904,Tarcísio,17942,9045,3387,230,177,70,32,11,6,4,3917,12.7,False
-49.50321269179136,-20.827645446626644,336,3530300,67075,MIRASSOL,SP,30584,Tarcísio,17106,7183,5741,292,135,66,42,10,7,2,6295,20.6,False
-47.67368937664564,-23.285568088406052,71,3507001,62391,BOITUVA,SP,30433,Tarcísio,15126,7320,7354,206,230,108,63,7,16,3,7987,26.2,False
-47.06665322053425,-23.145060983788106,268,3524006,65811,ITUPEVA,SP,30387,Tarcísio,15166,7757,6595,441,249,101,44,18,11,5,7464,24.6,False
-47.30387290070874,-22.953316244154863,349,3531803,67377,MONTE MOR,SP,30330,Tarcísio,13427,11690,4471,298,243,108,52,10,21,10,5213,17.2,False
-47.0164422338969,-22.692824505357756,276,3524709,65951,JAGUARIÚNA,SP,30138,Tarcísio,16018,7364,5790,549,219,116,36,16,20,10,6756,22.4,False
-47.18190940268109,-22.65278458594921,135,3512803,63576,COSMÓPOLIS,SP,29773,Tarcísio,14360,10561,4149,271,261,92,48,13,7,11,4852,16.3,False
-51.32872712840718,-20.834625028843803,17,3502101,61417,ANDRADINA,SP,29641,Tarcísio,15438,8372,5347,209,184,43,22,9,10,7,5831,19.7,False
-48.95830442253193,-20.704849388068975,377,3533908,67792,OLÍMPIA,SP,29134,Tarcísio,11940,5504,11379,171,102,20,17,1,0,0,11690,40.1,False
-47.57309573183935,-20.866876323904204,59,3505906,62170,BATATAIS,SP,28841,Tarcísio,12902,10037,5129,398,219,94,44,7,9,2,5902,20.5,False
-48.84816874052313,-21.79210330095987,220,3519600,64939,IBITINGA,SP,28521,Tarcísio,15676,7806,4507,237,184,57,29,11,8,6,5039,17.7,False
-46.24262219471863,-23.290272397401584,518,3546801,70378,SANTA ISABEL,SP,27737,Tarcísio,13104,8416,5459,283,277,102,61,22,10,3,6217,22.4,True
-47.51686904864611,-23.22819636592338,447,3540606,69132,PORTO FELIZ,SP,27710,Tarcísio,16583,7066,3436,271,192,89,49,11,9,4,4061,14.7,False
-47.01454823103642,-23.621440461996485,627,3556453,72737,VARGEM GRANDE PAULISTA,SP,27634,Tarcísio,11122,10090,5200,475,515,136,59,22,7,8,6422,23.2,True
-47.43959507355896,-23.78616542280315,420,3537800,68578,PIEDADE,SP,27310,Tarcísio,12217,7906,6556,262,239,69,42,9,6,4,7187,26.3,False
-47.13785874078538,-22.55717509289957,37,3503802,61751,ARTUR NOGUEIRA,SP,26903,Tarcísio,12942,7146,6360,212,149,57,22,6,7,2,6815,25.3,False
-47.44599435459361,-21.84183175862381,448,3540705,69159,PORTO FERREIRA,SP,26884,Tarcísio,14245,5600,6424,285,181,85,28,14,19,3,7039,26.2,False
-46.88072668277003,-21.60352976765189,562,3549706,70955,SÃO JOSÉ DO RIO PARDO,SP,26392,Tarcísio,13130,7317,5453,230,146,67,30,10,6,3,5945,22.5,False
-47.48020776079508,-22.97934288606702,109,3510401,63096,CAPIVARI,SP,26236,Tarcísio,15487,6210,3927,260,189,88,43,10,17,5,4539,17.3,False
-46.93314964331683,-23.078756735884156,304,3527306,66478,LOUVEIRA,SP,26230,Tarcísio,14011,7001,4161,392,523,79,44,6,11,2,5218,19.9,False
-48.535154582480445,-21.42511149856353,593,3553708,71757,TAQUARITINGA,SP,25924,Tarcísio,11857,7907,5706,202,172,39,24,8,6,3,6160,23.8,False
-47.22669415196985,-23.512294685171863,315,3528403,66699,MAIRINQUE,SP,25894,Tarcísio,10665,8840,5401,307,478,119,55,12,14,3,6389,24.7,False
-50.552503343636715,-20.285402721146596,277,3524808,65978,JALES,SP,25539,Tarcísio,13765,5829,5595,172,109,43,22,4,0,0,5945,23.3,False
-47.940793414148885,-20.550150536489532,559,3549409,70890,SÃO JOAQUIM DA BARRA,SP,24610,Tarcísio,11096,9553,3431,237,165,61,34,17,11,5,3961,16.1,False
-48.53468625093428,-21.260683020665613,345,3531308,67270,MONTE ALTO,SP,24145,Tarcísio,11824,4669,7206,211,133,47,31,13,6,5,7652,31.7,False
-47.76037669410261,-23.187247467836862,121,3511508,63312,CERQUILHO,SP,24064,Tarcísio,14560,4882,4073,268,155,74,31,7,7,7,4622,19.2,False
-45.53389321604436,-22.702544469791466,104,3509700,62952,CAMPOS DO JORDÃO,SP,23918,Tarcísio,11619,6194,5016,468,445,88,52,24,11,1,6105,25.5,False
-51.585292420068185,-21.55395350908525,154,3514403,63894,DRACENA,SP,23909,Tarcísio,14873,5217,3495,175,95,28,12,7,5,2,3819,16.0,False
-48.29016239875518,-24.03828326563684,110,3510203,63053,CAPÃO BONITO,SP,23583,Tarcísio,10355,6490,6354,162,130,41,28,6,14,3,6738,28.6,False
-47.07314752073512,-23.30084039073333,88,3508405,62693,CABREÚVA,SP,23434,Tarcísio,11865,6503,4496,219,222,73,35,6,10,5,5066,21.6,False
-48.86137198370323,-22.300934699953427,408,3536703,68357,PEDERNEIRAS,SP,23366,Tarcísio,12837,5277,4884,163,134,43,15,6,7,0,5252,22.5,False
-49.5688683796992,-22.810858471217202,514,3546405,70297,SANTA CRUZ DO RIO PARDO,SP,23295,Tarcísio,14537,4774,3537,205,132,58,37,10,4,1,3984,17.1,False
-46.37808120867276,-23.7393688693634,487,3544103,69833,RIO GRANDE DA SERRA,SP,23103,Fernando Haddad,6819,10388,5172,299,232,118,40,16,13,6,5896,25.5,True
-49.30414517551473,-24.0816079675423,259,3523206,65650,ITARARÉ,SP,22876,Tarcísio,11773,6621,3994,197,198,54,25,4,4,6,4482,19.6,False
-47.60752743380641,-21.21583157991811,543,3551504,71315,SERRANA,SP,22841,Tarcísio,9730,8034,4646,191,146,49,26,7,9,3,5077,22.2,False
-46.886876265737705,-22.755076316463875,412,3537107,68438,PEDREIRA,SP,22612,Tarcísio,12816,4516,4732,307,145,55,30,6,3,2,5280,23.4,False
-49.688851009519574,-22.22995810155398,185,3516705,64351,GARÇA,SP,22464,Tarcísio,13078,5560,3318,253,154,45,36,15,1,4,3826,17.0,False
-46.79326588272277,-22.193294591148124,166,3515186,68659,ESPÍRITO SANTO DO PINHAL,SP,21295,Tarcísio,10155,5477,5238,219,124,43,28,7,1,3,5663,26.6,False
-50.622954956660536,-22.459668459909167,394,3535507,68110,PARAGUAÇU PAULISTA,SP,20855,Tarcísio,9872,7225,3371,150,167,27,30,4,4,5,3758,18.0,False
-45.6029855246119,-22.941902319928104,608,3554805,71978,TREMEMBÉ,SP,20821,Tarcísio,11119,5520,3551,339,141,75,26,8,33,9,4182,20.1,False
-46.52400361734777,-22.612461361389055,548,3552106,71439,SOCORRO,SP,20732,Tarcísio,12792,3888,3555,272,123,52,29,11,9,1,4052,19.5,False
-47.709253494829355,-23.04628650016181,603,3554508,71919,TIETÊ,SP,20513,Tarcísio,12063,4443,3514,224,153,64,38,6,8,0,4007,19.5,False
-47.57638933015933,-23.6528050958091,504,3545308,70076,SALTO DE PIRAPORA,SP,20409,Tarcísio,8321,6399,5249,173,169,46,37,7,4,4,5689,27.9,False
-46.90027116152003,-21.858432857004477,628,3556404,72311,VARGEM GRANDE DO SUL,SP,20340,Tarcísio,9436,4614,5951,161,110,31,23,6,7,1,6290,30.9,False
-47.90412506139332,-20.702737485061835,381,3534302,67873,ORLÂNDIA,SP,20234,Tarcísio,10323,5964,3490,252,103,51,34,10,6,1,3947,19.5,False
-49.109091576533686,-22.573704894494337,4,3500709,61131,AGUDOS,SP,20194,Tarcísio,9896,4377,5508,219,122,38,25,5,4,0,5921,29.3,False
-45.237232281658834,-22.91514192187218,21,3502507,61492,APARECIDA,SP,20125,Tarcísio,10437,5296,3813,283,179,51,32,12,17,5,4392,21.8,False
-48.22634592406282,-21.39589710127522,203,3518602,64734,GUARIBA,SP,20018,Tarcísio,7839,6755,5104,143,114,38,17,6,1,1,5424,27.1,False
-48.542282262442164,-22.478804909748746,51,3505302,62057,BARRA BONITA,SP,19955,Tarcísio,10543,5170,3764,216,136,60,48,5,9,4,4242,21.3,False
-52.17729854536539,-21.914578270529624,458,3541307,69272,PRESIDENTE EPITÁCIO,SP,19930,Tarcísio,9946,6915,2805,85,125,26,16,4,5,3,3069,15.4,False
-49.284899517757275,-21.46970292835051,374,3533502,67717,NOVO HORIZONTE,SP,19866,Tarcísio,11201,4590,3845,107,74,25,18,2,3,1,4075,20.5,False
-45.330953225629464,-23.84960763908106,230,3520400,65099,ILHABELA,SP,19654,Tarcísio,9842,6404,2793,258,204,87,42,7,14,3,3408,17.3,False
-48.81592948619548,-21.5470331518747,270,3522703,65552,ITÁPOLIS,SP,19471,Tarcísio,11955,4641,2515,154,126,46,25,7,2,0,2875,14.8,False
-48.542257932813484,-22.681061802587315,571,3550100,71030,SÃO MANUEL,SP,19462,Tarcísio,9309,5410,4273,195,165,58,25,11,16,0,4743,24.4,False
-51.839111133184566,-21.79309405017061,460,3541505,69310,PRESIDENTE VENCESLAU,SP,19091,Tarcísio,11067,4550,3204,108,108,25,18,8,2,1,3474,18.2,False
-49.781102044541115,-21.090009809016934,285,3525706,66150,JOSÉ BONIFÁCIO,SP,19089,Tarcísio,9054,4189,5649,75,74,22,17,3,5,1,5846,30.6,False
-47.80890806720113,-20.3306547818033,269,3524105,65838,ITUVERAVA,SP,19035,Tarcísio,9246,5905,3577,160,80,34,20,4,7,2,3884,20.4,False
-48.06539635236827,-20.985883866906217,442,3540200,69051,PONTAL,SP,18878,Tarcísio,8130,6768,3649,135,125,39,13,9,6,4,3980,21.1,False
-48.02718453506787,-21.72268521589201,14,3501707,61336,AMÉRICO BRASILIENSE,SP,18793,Fernando Haddad,6330,8393,3722,136,129,45,24,8,5,1,4070,21.7,False
-47.82499659286538,-20.996324325533486,280,3525102,66036,JARDINÓPOLIS,SP,18463,Tarcísio,10170,4906,2967,176,155,51,17,12,7,2,3387,18.3,False
-48.364247728341915,-20.315460803972318,208,3517406,64491,GUAÍRA,SP,18240,Tarcísio,9436,5453,3075,134,89,32,14,3,3,1,3351,18.4,False
-51.05689866529977,-21.574174891801654,1,3500105,61018,ADAMANTINA,SP,18091,Tarcísio,11940,3337,2496,149,104,25,23,7,5,5,2814,15.6,False
-47.9248450166222,-22.555871509580793,574,3550407,71099,SÃO PEDRO,SP,17971,Tarcísio,11358,3773,2391,214,133,47,40,4,6,5,2840,15.8,False
-49.87441028607702,-21.52603932762275,461,3541604,69337,PROMISSÃO,SP,17881,Tarcísio,8770,5734,3145,91,88,32,8,4,6,3,3377,18.9,False
-50.94850091554162,-20.237925002200083,516,3546603,70335,SANTA FÉ DO SUL,SP,17767,Tarcísio,9803,3725,4028,98,76,12,16,5,2,2,4239,23.9,False
-47.744271327742005,-21.33822964981897,137,3513108,63630,CRAVINHOS,SP,17689,Tarcísio,7735,3507,6107,159,98,53,20,3,5,2,6447,36.4,False
-46.06048274117293,-23.42685468398965,199,3518305,64670,GUARAREMA,SP,17429,Tarcísio,7761,3975,5316,170,97,39,22,7,7,35,5693,32.7,True
-47.65074454588859,-23.54165239449739,31,3502903,61573,ARAÇOIABA DA SERRA,SP,17256,Tarcísio,9235,4520,3088,182,143,54,26,5,3,0,3501,20.3,False
-47.993715190315626,-23.914868000870698,572,3550209,71056,SÃO MIGUEL ARCANJO,SP,17215,Tarcísio,8138,5307,3426,139,142,35,14,6,6,2,3770,21.9,False
-48.24766491821364,-21.006207848576793,436,3539509,68918,PITANGUEIRAS,SP,17108,Tarcísio,7862,6501,2425,135,120,30,20,12,3,0,2745,16.0,False
-44.99094377933929,-22.704364631952878,90,3508603,62731,CACHOEIRA PAULISTA,SP,17029,Tarcísio,8140,5550,2945,182,115,41,28,6,16,6,3339,19.6,False
-47.59770207853832,-22.849372793668312,488,3544004,69817,RIO DAS PEDRAS,SP,16931,Tarcísio,9526,4585,2437,160,112,45,47,13,4,2,2820,16.7,False
-46.71952493582672,-23.119634848335625,281,3525201,66052,JARINU,SP,16839,Tarcísio,8773,4369,3334,125,143,38,34,14,5,4,3697,22.0,False
-50.69351166490549,-21.28635130853542,198,3518206,64653,GUARARAPES,SP,16525,Tarcísio,9584,4116,2580,140,68,17,12,3,4,1,2825,17.1,False
-48.0261049930627,-21.949476379067992,217,3519303,64874,IBATÉ,SP,16076,Tarcísio,6703,6414,2547,179,141,44,32,3,9,4,2959,18.4,False
-48.097376888793676,-21.232343964285743,55,3505609,62111,BARRINHA,SP,16071,Fernando Haddad,6695,6933,2013,148,212,33,21,13,2,1,2443,15.2,False
-50.42030799133424,-22.809229156996057,144,3510005,63010,CÂNDIDO MOTA,SP,16055,Tarcísio,8913,3889,3012,105,86,25,20,2,1,2,3253,20.3,False
-48.7215567651385,-22.06873826266196,50,3505203,62030,BARIRI,SP,15924,Tarcísio,9713,3117,2768,179,94,25,20,1,7,0,3094,19.4,False
-50.92841939270434,-22.283117554106596,468,3542206,69450,RANCHARIA,SP,15879,Tarcísio,7912,5234,2468,114,96,21,23,5,6,0,2733,17.2,False
-50.874020141792194,-21.73172607576865,384,3534609,67938,OSVALDO CRUZ,SP,15835,Tarcísio,9613,3393,2477,236,79,12,12,1,7,5,2829,17.9,False
-47.02541779584332,-23.955564992435363,290,3526209,66257,JUQUITIBA,SP,15707,Fernando Haddad,5743,5826,3756,105,200,48,15,4,6,4,4138,26.3,True
-46.019506523590216,-23.62533602722595,67,3506607,62316,BIRITIBA MIRIM,SP,15601,Tarcísio,6217,4283,4741,157,118,40,21,7,14,3,5101,32.7,True
-47.65306993087542,-21.88199217120162,146,3513702,63754,DESCALVADO,SP,15526,Tarcísio,8112,3375,3695,149,123,39,22,4,6,1,4039,26.0,False
-46.68650310598409,-22.587710841842096,542,3551603,71331,SERRA NEGRA,SP,15509,Tarcísio,7863,3252,4135,141,69,22,17,3,7,0,4394,28.3,False
-47.73058688075256,-23.856886954163258,421,3537909,68594,PILAR DO SUL,SP,15471,Tarcísio,8363,4345,2520,89,93,37,19,3,2,0,2763,17.9,False
-49.37071878485028,-23.185059300977386,429,3538808,68772,PIRAJU,SP,15255,Tarcísio,7081,4544,3305,167,99,27,21,7,4,0,3630,23.8,False
-47.03970551255371,-22.048491356734313,3,3500303,61050,AGUAÍ,SP,15135,Tarcísio,6903,4396,3572,102,94,25,32,7,2,2,3836,25.3,False
-48.19413430902656,-24.770754915864607,97,3509254,61484,CAJATI,SP,15031,Tarcísio,8783,3994,2072,65,83,19,10,0,5,0,2254,15.0,False
-47.4745210850883,-24.548503507183998,227,3520301,65072,IGUAPE,SP,14828,Tarcísio,6682,4587,3356,62,75,34,21,10,1,0,3559,24.0,False
-46.30249758311857,-23.047562668771377,427,3538600,68730,PIRACAIA,SP,14824,Tarcísio,7819,3307,3268,228,107,55,22,12,5,1,3698,24.9,False
-47.14214575222657,-22.369043884791235,128,3512209,63452,CONCHAL,SP,14757,Tarcísio,9461,2951,2120,88,81,26,20,3,5,2,2345,15.9,False
-47.63165800655096,-23.401565881937746,236,3521002,65218,IPERÓ,SP,14501,Rodrigo Garcia,4155,4238,5913,59,80,22,15,4,15,0,6108,42.1,False
-49.6467175178056,-20.53013185653641,589,3553401,71692,TANABI,SP,14451,Tarcísio,6391,2650,5251,53,71,23,7,3,2,0,5410,37.4,False
-47.866757516266226,-23.01361115721215,294,3526407,66290,LARANJAL PAULISTA,SP,14367,Tarcísio,8984,2697,2466,100,75,25,6,3,8,3,2686,18.7,False
-51.621057338034745,-22.48067535315135,433,3539202,68853,PIRAPOZINHO,SP,14121,Tarcísio,7113,4183,2588,99,80,30,18,7,1,2,2825,20.0,False
-47.249017260204674,-21.85343199066919,513,3546306,70270,SANTA CRUZ DAS PALMEIRAS,SP,13893,Tarcísio,6361,4099,3148,118,106,24,25,8,2,2,3433,24.7,False
-48.153268884161726,-20.69019629703527,352,3531902,67393,MORRO AGUDO,SP,13533,Tarcísio,6213,4369,2717,91,96,26,12,3,4,2,2951,21.8,False
-47.412968552451666,-22.480445186562115,130,3512407,63495,CORDEIRÓPOLIS,SP,13488,Tarcísio,7193,3764,2226,147,86,35,25,5,4,3,2531,18.8,False
-47.506364767715986,-21.68398697788386,523,3547502,70513,SANTA RITA DO PASSA QUATRO,SP,13378,Tarcísio,7432,2952,2706,133,95,35,21,1,3,0,2994,22.4,False
-51.25673914709629,-20.431123152506064,229,3520442,61204,ILHA SOLTEIRA,SP,13359,Tarcísio,5993,4501,2516,136,123,48,31,3,8,0,2865,21.4,False
-51.51369120581049,-22.131385811051665,643,3501301,61255,ÁLVARES MACHADO,SP,13203,Tarcísio,5792,3360,3909,60,42,24,9,2,2,3,4051,30.7,False
-47.683338794759614,-20.062057837788327,224,3520103,65030,IGARAPAVA,SP,13035,Tarcísio,5168,4717,2894,103,95,33,13,5,4,3,3150,24.2,False
-47.52170521102232,-22.58594328264391,241,3521408,65293,IRACEMÁPOLIS,SP,13017,Tarcísio,8163,3179,1413,118,84,35,19,1,4,1,1675,12.9,False
-47.52019672383524,-22.473516472445496,517,3546702,70351,SANTA GERTRUDES,SP,12987,Tarcísio,7471,3344,1863,115,116,41,23,7,5,2,2172,16.7,False
-51.10679478563413,-20.677634281218683,416,3537404,68497,PEREIRA BARRETO,SP,12881,Tarcísio,5929,4001,2741,86,66,31,21,4,2,0,2951,22.9,False
-51.12419699535141,-22.17192363679479,323,3529203,66850,MARTINÓPOLIS,SP,12849,Tarcísio,6861,3617,2178,88,68,15,15,5,1,1,2371,18.5,False
-47.08889306641859,-21.797451861152883,114,3510807,63177,CASA BRANCA,SP,12799,Tarcísio,7461,3469,1605,112,81,32,24,7,6,2,1869,14.6,False
-48.81865371913074,-24.418683283113047,23,3502705,61530,APIAÍ,SP,12537,Fernando Haddad,4564,4676,3106,56,91,21,13,4,6,0,3297,26.3,False
-48.338404781915436,-22.39803296782963,151,3514106,63835,DOIS CÓRREGOS,SP,12478,Tarcísio,6307,2802,3203,58,61,21,15,4,7,0,3369,27.0,False
-44.942885292396916,-23.052762310285885,142,3513603,63738,CUNHA,SP,12256,Tarcísio,5240,4180,2663,87,55,11,12,2,5,1,2836,23.1,False
-51.130484294515256,-21.081699799757125,334,3530102,67032,MIRANDÓPOLIS,SP,12244,Tarcísio,7866,2996,1223,67,68,13,6,1,3,1,1382,11.3,False
-46.47660449294652,-23.174072009820737,72,3507100,62413,BOM JESUS DOS PERDÕES,SP,12056,Tarcísio,5906,3475,2281,172,121,40,35,8,8,10,2675,22.2,False
-47.627915133085565,-21.047118314650135,82,3507803,62570,BRODOWSKI,SP,12043,Tarcísio,6901,3082,1803,117,77,26,24,6,7,0,2060,17.1,False
-49.23272795765045,-23.53254913290983,594,3553807,71773,TAQUARITUBA,SP,12031,Tarcísio,5073,4756,2015,62,87,10,21,3,3,1,2202,18.3,False
-47.30954161005866,-21.277338857502475,99,3509403,62898,CAJURU,SP,12026,Tarcísio,5090,4760,1931,107,89,19,15,9,4,2,2176,18.1,False
-48.45840928761788,-23.438115231948494,18,3502200,61433,ANGATUBA,SP,11999,Tarcísio,6114,4125,1583,78,57,23,7,6,5,1,1760,14.7,False
-52.37266442792078,-22.41797615676841,601,3554300,71870,TEODORO SAMPAIO,SP,11980,Fernando Haddad,4363,5371,2094,53,73,14,9,1,0,2,2246,18.7,False
-50.742609774190555,-21.949598847568566,58,3505807,62154,BASTOS,SP,11908,Tarcísio,7027,2056,2642,79,73,11,12,4,3,1,2825,23.7,False
-47.36603969014852,-21.499685197973402,524,3547601,70530,SANTA ROSA DE VITERBO,SP,11899,Tarcísio,5153,4136,2356,78,122,26,17,7,4,0,2610,21.9,False
-48.08084796340185,-22.272118321547584,83,3507902,62596,BROTAS,SP,11842,Tarcísio,6741,2453,2405,118,65,20,28,2,8,2,2648,22.4,False
-49.76105090644486,-20.7378115874837,346,3531407,67296,MONTE APRAZÍVEL,SP,11824,Tarcísio,5805,2960,2899,62,55,18,21,3,1,0,3059,25.9,False
-48.576151708795145,-22.54099605488088,226,3520004,65013,IGARAÇU DO TIETÊ,SP,11675,Tarcísio,5346,3578,2473,99,126,26,16,7,3,1,2751,23.6,False
-50.22014642820351,-22.829626109636514,392,3535309,68071,PALMITAL,SP,11648,Tarcísio,5055,2546,3946,46,28,12,10,1,3,1,4047,34.7,False
-50.18815018949324,-22.02689573423435,440,3540002,69019,POMPÉIA,SP,11527,Tarcísio,7484,2539,1309,123,44,11,13,2,1,1,1504,13.0,False
-49.05600360103359,-23.467671447730766,263,3521804,65374,ITAÍ,SP,11516,Fernando Haddad,4027,4826,2506,54,70,20,9,3,1,0,2663,23.1,False
-46.95610937349899,-22.605420045058672,531,3548005,70610,SANTO ANTÔNIO DE POSSE,SP,11339,Tarcísio,5891,2868,2393,80,68,27,8,1,2,1,2580,22.8,False
-47.0744606045436,-23.43254787505131,29,3502754,61263,ARAÇARIGUAMA,SP,11174,Tarcísio,4572,3315,2510,75,642,36,13,8,2,1,3287,29.4,False
-50.92206037207853,-21.202987700443767,625,3556305,72273,VALPARAÍSO,SP,11065,Tarcísio,5745,3539,1636,55,56,20,9,1,2,2,1781,16.1,False
-51.29538433839677,-22.25113644416045,470,3542404,69493,REGENTE FEIJÓ,SP,11019,Tarcísio,5197,3067,2591,56,69,20,11,3,4,1,2755,25.0,False
-47.24345264085836,-21.60241733902134,588,3553302,71676,TAMBAÚ,SP,10914,Tarcísio,4142,3116,3498,78,51,15,10,3,1,0,3656,33.5,False
-49.19251771020932,-20.742401895036103,194,3517505,64513,GUAPIAÇU,SP,10507,Tarcísio,5220,2509,2649,47,51,17,12,2,0,0,2778,26.4,False
-49.41000039191069,-21.954775442306314,430,3538907,68799,PIRAJUÍ,SP,10446,Tarcísio,5421,2487,2385,58,60,16,13,4,1,1,2538,24.3,False
-49.32952115963282,-20.4757284437162,368,3533007,67610,NOVA GRANADA,SP,10412,Tarcísio,4397,3208,2685,41,43,19,15,2,2,0,2807,27.0,False
-51.56852389383859,-20.897113188103415,115,3511003,63215,CASTILHO,SP,10405,Fernando Haddad,3491,4778,1959,47,86,12,7,8,8,9,2136,20.5,False
-48.57526741137174,-23.74897395862186,84,3508009,62618,BURI,SP,10390,Tarcísio,5664,3404,1216,40,45,13,6,1,1,0,1322,12.7,False
-51.72095449821771,-22.037021611369994,528,3547700,70556,SANTO ANASTÁCIO,SP,10385,Tarcísio,5576,3693,970,70,49,12,9,6,0,0,1116,10.7,False
-47.39322881517095,-24.19526199098953,333,3529906,66990,MIRACATU,SP,10262,Tarcísio,5687,2771,1690,46,50,8,5,4,1,0,1804,17.6,False
-47.180625232430714,-22.485339832153503,165,3515152,61689,ENGENHEIRO COELHO,SP,10240,Tarcísio,5678,3012,1339,102,59,39,6,1,4,0,1550,15.1,False
-45.84590652685068,-23.57676004014154,499,3545001,70017,SALESÓPOLIS,SP,10237,Tarcísio,4054,2790,3130,95,103,28,25,4,6,2,3393,33.1,True
-49.437892178897584,-20.932717407208465,46,3504602,61913,BADY BASSITT,SP,10198,Tarcísio,5910,2264,1812,115,61,19,16,0,0,1,2024,19.8,False
-48.1084216519519,-20.184690894855276,330,3529708,66958,MIGUELÓPOLIS,SP,10182,Tarcísio,4145,3777,2132,40,60,14,8,4,2,0,2260,22.2,False
-47.650221316760785,-24.20950402807024,291,3526100,66230,JUQUIÁ,SP,10163,Tarcísio,5366,2982,1672,42,60,25,7,6,2,1,1815,17.9,False
-47.773624626402906,-20.483675058817184,206,3517703,64556,GUARÁ,SP,10142,Fernando Haddad,3356,3706,2941,49,54,17,8,7,2,2,3080,30.4,False
-47.73328191627989,-23.467788675084872,108,3510302,63070,CAPELA DO ALTO,SP,10118,Tarcísio,4447,2159,3336,49,106,11,6,1,1,2,3512,34.7,False
-48.77671806294952,-24.25455201461082,476,3543006,69612,RIBEIRÃO BRANCO,SP,10027,Fernando Haddad,3550,4779,1620,19,44,8,4,2,0,1,1698,16.9,False
-47.8497232676429,-24.67706968516426,401,3536208,68250,PARIQUERA-AÇU,SP,10009,Tarcísio,5970,2360,1538,72,45,9,8,3,3,1,1679,16.8,False
-48.68242085814081,-20.909117286680047,347,3531506,67318,MONTE AZUL PAULISTA,SP,9981,Rodrigo Garcia,3977,1861,4039,39,37,12,12,0,1,3,4143,41.5,False
-46.60290252941375,-22.474080303361774,639,3500501,61093,ÁGUAS DE LINDÓIA,SP,9905,Tarcísio,5720,2113,1869,115,58,17,9,1,2,1,2072,20.9,False
-47.28067872881877,-23.533061259244544,10,3501152,61220,ALUMÍNIO,SP,9828,Tarcísio,4047,3445,2052,79,114,63,19,3,5,1,2336,23.8,False
-49.147855654304266,-23.06038961628078,120,3511409,63290,CERQUEIRA CÉSAR,SP,9786,Tarcísio,4550,2981,2054,65,82,27,15,1,6,5,2255,23.0,False
-49.1417809811341,-23.872581421894694,244,3521705,65358,ITABERÁ,SP,9776,Tarcísio,4593,4230,862,26,50,4,5,1,4,1,953,9.7,False
-45.64223854753738,-23.480838319066255,395,3535606,68136,PARAIBUNA,SP,9743,Tarcísio,3940,3770,1788,105,71,37,24,7,1,0,2033,20.9,False
-46.98495853949848,-23.379264273291128,432,3539103,68837,PIRAPORA DO BOM JESUS,SP,9731,Elvis Cezar,2144,2933,913,62,3651,10,13,3,1,1,4654,47.8,True
-48.58883145918611,-20.74568919214046,126,3512001,63410,COLINA,SP,9680,Tarcísio,3522,2904,3142,45,47,9,6,1,3,1,3254,33.6,False
-48.55316990427833,-24.213034907099065,193,3517604,64530,GUAPIARA,SP,9659,Fernando Haddad,3264,5121,1166,25,67,3,6,2,4,1,1274,13.2,False
-51.43568462235957,-21.44958371903483,289,3526001,66214,JUNQUEIRÓPOLIS,SP,9654,Tarcísio,4745,2015,2813,41,19,9,10,0,2,0,2894,30.0,False
-48.795263949534295,-23.43728452232489,396,3535804,68179,PARANAPANEMA,SP,9578,Tarcísio,4510,3677,1286,41,46,6,11,1,0,0,1391,14.5,False
-46.36611293322297,-23.193770327277935,359,3532405,67490,NAZARÉ PAULISTA,SP,9489,Tarcísio,3868,2550,2891,57,71,31,11,6,4,0,3071,32.4,False
-49.39126706710198,-21.07705346447094,450,3540804,69175,POTIRENDABA,SP,9370,Tarcísio,5748,2494,1015,44,47,10,3,1,6,2,1128,12.0,False
-48.08681108445997,-21.341368100080334,453,3540903,69191,PRADÓPOLIS,SP,9310,Tarcísio,4101,2679,2302,91,87,27,15,7,0,1,2530,27.2,False
-46.616814644379716,-21.53675300093636,91,3508702,62758,CACONDE,SP,9258,Tarcísio,3418,2958,2773,59,28,5,6,3,8,0,2882,31.1,False
-52.8343381192575,-22.4887993548054,491,3544251,61166,ROSANA,SP,9217,Fernando Haddad,3633,4606,855,33,62,13,8,5,0,2,978,10.6,False
-48.311523901660074,-20.882513218728906,631,3556800,72397,VIRADOURO,SP,9164,Tarcísio,4878,2253,1917,48,43,14,8,2,1,0,2033,22.2,False
-52.00107627542316,-22.35062451855363,335,3530201,67059,MIRANTE DO PARANAPANEMA,SP,9152,Fernando Haddad,2636,4459,1974,18,57,2,3,2,1,0,2057,22.5,False
-47.36858291416946,-23.070684657425584,159,3514908,63991,ELIAS FAUSTO,SP,9134,Tarcísio,5114,2182,1667,58,65,26,16,4,2,0,1838,20.1,False
-50.9920596028898,-21.643428685974605,306,3527405,66494,LUCÉLIA,SP,9092,Tarcísio,4867,2600,1467,75,51,17,10,5,0,0,1625,17.9,False
-48.628978577293694,-23.154790468085054,262,3523503,65714,ITATINGA,SP,9071,Tarcísio,3897,2491,2432,69,136,21,12,3,10,0,2683,29.6,False
-47.748530151382205,-22.530171987075367,123,3511706,63355,CHARQUEADA,SP,9038,Tarcísio,5258,1933,1698,51,50,19,20,2,6,1,1847,20.4,False
-47.06997313960047,-22.627480212633966,212,3519055,61743,HOLAMBRA,SP,9036,Tarcísio,4237,1685,2935,114,35,18,9,2,1,0,3114,34.5,False
-48.72061409706144,-22.487199239653236,311,3528007,66613,MACATUBA,SP,9027,Tarcísio,5190,2047,1654,52,54,18,9,0,2,1,1790,19.8,False
-45.29910119990375,-22.825981710313993,449,3540754,61565,POTIM,SP,9001,Tarcísio,4346,2545,1961,63,46,16,12,3,2,7,2110,23.4,False
-49.51961263493119,-23.393172404477856,172,3515400,64092,FARTURA,SP,8843,Tarcísio,3297,3105,2335,27,43,24,8,3,0,1,2441,27.6,False
-50.19903897034091,-21.048289531129026,85,3508108,62634,BURITAMA,SP,8781,Tarcísio,4810,2440,1425,39,40,11,5,7,3,1,1531,17.4,False
-49.05661295923446,-21.35427782088221,245,3521903,65390,ITAJOBI,SP,8770,Tarcísio,4700,1544,2424,42,36,7,12,5,0,0,2526,28.8,False
-49.55056465143917,-21.7313456029647,92,3508801,62774,CAFELÂNDIA,SP,8653,Tarcísio,3797,2178,2553,50,48,17,6,0,4,0,2678,30.9,False
-48.05382596982478,-24.775065800790205,275,3524600,65935,JACUPIRANGA,SP,8630,Tarcísio,4807,2242,1461,56,37,6,11,5,3,2,1581,18.3,False
-47.91078108141162,-23.21890062701914,122,3511607,63339,CESÁRIO LANGE,SP,8567,Tarcísio,4931,1900,1542,47,121,9,11,1,2,3,1736,20.3,False
-48.045603623436826,-22.965662429490674,129,3512308,63479,CONCHAS,SP,8515,Tarcísio,4872,1968,1533,56,60,20,4,1,1,0,1675,19.7,False
-50.60093610866218,-22.764637393817154,597,3553955,61042,TARUMÃ,SP,8480,Tarcísio,3423,1992,2966,44,42,3,10,0,0,0,3065,36.1,False
-47.38376939437818,-21.01638920090411,8,3501004,61190,ALTINÓPOLIS,SP,8410,Tarcísio,3088,2726,2456,56,67,5,9,2,0,1,2596,30.9,False
-48.79317331803087,-20.796293233209198,546,3551900,71390,SEVERÍNIA,SP,8407,Rodrigo Garcia,3089,2013,3244,9,31,9,9,2,0,1,3305,39.3,False
-47.438523345232795,-20.20832298146008,411,3537008,68411,PEDREGULHO,SP,8361,Fernando Haddad,3159,3490,1608,39,41,8,12,2,2,0,1712,20.5,False
-45.85799620499919,-23.425582027279596,508,3546009,70211,SANTA BRANCA,SP,8094,Tarcísio,3863,2359,1676,97,58,20,10,6,3,2,1872,23.1,False
-46.93492375398657,-23.85069636669975,569,3549953,61905,SÃO LOURENÇO DA SERRA,SP,8068,Rodrigo Garcia,2408,2538,2970,58,58,18,6,7,3,2,3122,38.7,True
-51.58829967075435,-21.390204653034587,611,3555109,72036,TUPI PAULISTA,SP,7991,Tarcísio,3783,1895,2233,32,28,9,7,2,1,1,2313,28.9,False
-48.066313140615485,-20.417437401940575,240,3521309,65277,IPUÃ,SP,7945,Fernando Haddad,2870,3149,1842,30,39,9,3,3,0,0,1926,24.2,False
-50.58127735078456,-20.644830251204542,42,3504206,61832,AURIFLAMA,SP,7915,Tarcísio,4693,2015,1151,22,19,7,6,1,0,1,1207,15.2,False
-47.71140821322431,-24.854048353974274,228,3520426,62006,ILHA COMPRIDA,SP,7847,Tarcísio,3146,2356,2204,62,50,15,8,1,1,4,2345,29.9,False
-47.56653752561651,-21.46292288705097,579,3550902,71196,SÃO SIMÃO,SP,7828,Tarcísio,3589,2332,1654,67,131,37,13,4,1,0,1907,24.4,False
-50.74591641956274,-22.6521367906806,319,3528809,66770,MARACAÍ,SP,7737,Tarcísio,3772,2015,1867,37,25,5,8,3,1,4,1950,25.2,False
-48.819177530978486,-21.318426477847314,506,3545605,70130,SANTA ADÉLIA,SP,7683,Rodrigo Garcia,2978,1572,3039,54,24,4,9,2,0,1,3133,40.8,False
-49.07260839943223,-21.609229592413747,75,3507407,62472,BORBOREMA,SP,7660,Tarcísio,4107,1527,1912,40,55,8,8,1,1,1,2026,26.4,False
-49.45721641012955,-23.672773040074308,255,3522802,65579,ITAPORANGA,SP,7474,Tarcísio,3396,2403,1589,35,36,8,3,1,2,1,1675,22.4,False
-48.23342417839275,-24.497042665901297,158,3514809,63975,ELDORADO,SP,7473,Tarcísio,3328,3108,940,32,39,18,1,3,2,2,1037,13.9,False
-48.629230166384325,-21.711629445342986,582,3552700,71552,TABATINGA,SP,7470,Tarcísio,3231,2396,1763,34,34,1,5,3,2,1,1843,24.7,False
-51.62044126228742,-22.107797623275236,457,3541208,69256,PRESIDENTE BERNARDES,SP,7447,Tarcísio,3810,2252,1295,42,32,8,7,0,1,0,1385,18.6,False
-48.912032262680114,-21.208993919551535,423,3538105,68632,PINDORAMA,SP,7433,Tarcísio,4124,1928,1259,58,41,9,12,1,1,0,1381,18.6,False
-51.856834475329194,-21.46341132445968,393,3535408,68098,PANORAMA,SP,7276,Tarcísio,4004,2332,844,43,34,10,3,6,0,0,940,12.9,False
-46.77949651339386,-22.8919857872691,353,3532009,67415,MORUNGABA,SP,7232,Tarcísio,3520,1490,2114,39,44,9,4,6,3,3,2222,30.7,False
-47.288169286449374,-20.70267932707219,403,3536307,68276,PATROCÍNIO PAULISTA,SP,7227,Tarcísio,3235,1947,1922,55,42,11,10,2,2,1,2045,28.3,False
-49.60745206503648,-23.065211881288405,235,3520905,65196,IPAUSSU,SP,7221,Tarcísio,3167,1564,2388,41,35,8,13,4,1,0,2490,34.5,False
-46.57133086645745,-22.77961186092911,424,3538204,68675,PINHALZINHO,SP,7214,Tarcísio,3940,1775,1333,66,59,23,9,7,1,1,1499,20.8,False
-49.26200948490224,-21.20658569089307,621,3556008,72214,URUPÊS,SP,7207,Tarcísio,4298,1686,1142,35,33,3,5,5,0,0,1223,17.0,False
-48.46287386998581,-21.93591208449653,68,3506706,62332,BOA ESPERANÇA DO SUL,SP,7146,Fernando Haddad,1877,2882,2331,18,29,1,5,1,2,0,2387,33.4,False
-49.41166777716725,-22.39324133049957,155,3514502,63916,DUARTINA,SP,7042,Tarcísio,3300,2254,1390,44,34,15,4,0,0,1,1488,21.1,False
-45.25327530821174,-23.243388947971912,570,3550001,71013,SÃO LUÍS DO PARAITINGA,SP,7033,Tarcísio,2372,2336,2198,64,39,5,5,3,11,0,2325,33.1,False
-50.64469343388315,-22.203537108703,463,3541703,69353,QUATÁ,SP,7033,Tarcísio,3159,1696,2086,35,30,11,15,1,0,0,2178,31.0,False
-47.93386223156736,-24.274889135465994,545,3551801,71374,SETE BARRAS,SP,7002,Tarcísio,2873,1991,2059,22,40,8,5,2,0,2,2138,30.5,False
-45.17310081049133,-22.58854200304383,426,3538501,68713,PIQUETE,SP,6990,Tarcísio,3348,1485,2005,81,38,17,13,0,2,1,2157,30.9,False
-50.10149407346144,-20.419417481186997,623,3556107,72230,VALENTIM GENTIL,SP,6968,Tarcísio,3383,1676,1846,32,17,5,4,0,4,1,1909,27.4,False
-49.19112973705524,-22.42487820588176,435,3539400,68896,PIRATININGA,SP,6903,Tarcísio,3797,1451,1491,78,44,18,16,6,1,1,1655,24.0,False
-48.005518746406146,-25.017019508194156,105,3509908,62995,CANANÉIA,SP,6818,Tarcísio,3075,2115,1530,39,37,13,4,5,0,0,1628,23.9,False
-47.83283774519459,-22.295294704201233,264,3523602,65730,ITIRAPINA,SP,6762,Tarcísio,3261,2011,1347,67,48,8,15,4,1,0,1490,22.0,False
-48.70228029467308,-22.25136781487826,257,3522901,65595,ITAPUÍ,SP,6756,Tarcísio,2745,1788,2134,33,39,6,6,3,2,0,2223,32.9,False
-46.74033200470866,-21.450648085870316,590,3553609,71730,TAPIRATIBA,SP,6647,Tarcísio,2591,2399,1547,54,36,15,3,2,0,0,1657,24.9,False
-47.781652724965184,-21.55468105333613,310,3527603,66532,LUÍS ANTÔNIO,SP,6609,Tarcísio,2623,2144,1711,41,52,22,7,3,3,3,1842,27.9,False
-46.942300282344554,-22.232009037228426,168,3557303,61662,ESTIVA GERBI,SP,6556,Tarcísio,3278,1549,1592,72,27,19,11,5,0,3,1729,26.4,False
-46.213810528135454,-22.939417114497793,284,3525508,66117,JOANÓPOLIS,SP,6473,Tarcísio,3658,1510,1158,69,46,22,3,2,3,2,1305,20.2,False
-49.393474456761155,-23.476078627312024,585,3553005,71617,TAGUAÍ,SP,6449,Tarcísio,3129,1885,1358,17,47,6,3,2,2,0,1435,22.3,False
-49.7272495224046,-23.050029036639632,124,3557204,63371,CHAVANTES,SP,6355,Tarcísio,3192,1842,1218,36,34,16,10,7,0,0,1321,20.8,False
-49.219091337754364,-21.07435785356111,219,3519402,64890,IBIRÁ,SP,6312,Tarcísio,3680,1272,1266,45,29,12,2,4,2,0,1360,21.5,False
-46.69670027966511,-21.660834135533403,149,3513900,63797,DIVINOLÂNDIA,SP,6235,Tarcísio,2975,1470,1680,41,46,7,10,2,0,4,1790,28.7,False
-49.0279943789822,-20.930499681420557,581,3552601,71536,TABAPUÃ,SP,6228,Tarcísio,3430,1352,1353,34,32,14,8,3,2,0,1446,23.2,False
-45.689942841211966,-22.679758223566672,554,3548609,70734,SÃO BENTO DO SAPUCAÍ,SP,6194,Tarcísio,2781,1444,1764,112,42,26,11,4,9,1,1969,31.8,False
-49.94647473291777,-20.06584812259934,113,3510708,63150,CARDOSO,SP,6186,Tarcísio,2713,2162,1255,16,29,3,5,1,2,0,1311,21.2,False
-49.496230973948855,-20.319196935513418,389,3535002,68012,PALESTINA,SP,6185,Tarcísio,2480,1281,2386,11,16,3,7,0,0,1,2424,39.2,False
-47.12854234379027,-24.293372113193335,260,3523305,65676,ITARIRI,SP,6180,Tarcísio,3210,1696,1195,25,36,7,6,4,1,0,1274,20.6,False
-46.149174199320555,-23.13597698658228,225,3520202,65056,IGARATÁ,SP,6134,Tarcísio,2979,1518,1507,48,51,18,6,5,2,0,1637,26.7,False
-45.30000287893976,-22.932213737237547,492,3544301,69876,ROSEIRA,SP,6073,Tarcísio,2910,1621,1422,67,27,11,10,4,1,0,1542,25.4,False
-48.217116171218976,-23.368762756283783,202,3518503,64718,GUAREÍ,SP,6053,Tarcísio,3086,1608,1251,28,45,17,13,5,0,0,1359,22.5,False
-48.53284521765843,-22.10687051343076,69,3506805,62359,BOCAINA,SP,6025,Tarcísio,2897,1229,1812,40,31,3,8,3,2,0,1899,31.5,False
-49.0394864556876,-21.88912410481941,214,3519105,64831,IACANGA,SP,5990,Tarcísio,2880,1356,1682,34,31,3,2,1,1,0,1754,29.3,False
-48.43126394535752,-22.466818196903358,331,3529807,66974,MINEIROS DO TIETÊ,SP,5904,Tarcísio,3258,1399,1103,72,50,8,10,2,1,1,1247,21.1,False
-49.001971885445826,-20.373671388451815,195,3517901,64599,GUARACI,SP,5868,Rodrigo Garcia,1440,1508,2884,20,12,1,2,1,0,0,2920,49.8,False
-44.33766245761135,-22.73611749100685,48,3504909,61972,BANANAL,SP,5852,Fernando Haddad,1903,2093,1793,19,28,4,8,2,1,1,1856,31.7,False
-46.75272599135052,-21.75393809056917,578,3550803,71170,SÃO SEBASTIÃO DA GRAMA,SP,5794,Tarcísio,2270,1385,2075,26,28,5,3,2,0,0,2139,36.9,False
-47.85463586254958,-20.835552183626724,498,3544905,69990,SALES OLIVEIRA,SP,5793,Tarcísio,3003,1603,1032,97,41,8,5,1,0,3,1187,20.5,False
-50.416836286600706,-20.639138678273692,188,3516903,64394,GENERAL SALGADO,SP,5772,Tarcísio,2815,1487,1408,35,15,8,3,1,0,0,1470,25.5,False
-48.18660804394367,-22.057936507755073,475,3542909,69590,RIBEIRÃO BONITO,SP,5672,Tarcísio,2272,1775,1554,16,38,13,4,0,0,0,1625,28.6,False
-48.655758104655796,-22.629143012449596,35,3503604,61719,AREIÓPOLIS,SP,5614,Tarcísio,2410,1751,1364,37,32,11,7,1,0,1,1453,25.9,False
-49.8280560365265,-22.23144423145287,629,3556602,72354,VERA CRUZ,SP,5592,Tarcísio,2926,1601,980,38,25,13,7,1,0,1,1065,19.0,False
-48.66998981584737,-21.09252615317638,431,3539004,68810,PIRANGI,SP,5562,Tarcísio,3014,1314,1152,30,34,8,8,1,0,1,1234,22.2,False
-49.15821338197604,-20.935063531159248,618,3555604,72133,UCHOA,SP,5547,Tarcísio,2524,1292,1633,48,37,5,6,1,0,1,1731,31.2,False
-51.27376823732011,-21.497215459021636,388,3534906,67997,PACAEMBU,SP,5527,Tarcísio,2808,1271,1385,23,29,6,3,0,2,0,1448,26.2,False
-50.04569299665546,-20.67464563817723,361,3532603,67539,NHANDEARA,SP,5490,Tarcísio,3168,1236,1024,31,19,0,7,4,1,0,1086,19.8,False
-49.4913511401041,-23.03318249644015,63,3506300,62251,BERNARDINO DE CAMPOS,SP,5484,Tarcísio,2650,1601,1143,32,33,12,9,2,1,1,1233,22.5,False
-49.76145927015366,-21.567633890298595,192,3517208,64459,GUAIÇARA,SP,5455,Tarcísio,2492,1525,1375,29,18,8,4,1,2,1,1438,26.4,False
-48.82535590969507,-21.099963721697712,390,3535101,68039,PALMARES PAULISTA,SP,5431,Tarcísio,2073,1712,1596,20,23,3,4,0,0,0,1646,30.3,False
-49.26436555208163,-20.91420924958103,119,3511300,63274,CEDRAL,SP,5415,Tarcísio,3103,1029,1221,23,28,3,6,0,1,1,1283,23.7,False
-49.55169798346106,-20.713189738748767,87,3504800,61956,BÁLSAMO,SP,5383,Rodrigo Garcia,2260,799,2265,27,20,5,7,0,0,0,2324,43.2,False
-51.169961740717724,-21.539076752731624,180,3516002,64211,FLÓRIDA PAULISTA,SP,5374,Tarcísio,2988,1485,842,19,23,13,1,2,1,0,901,16.8,False
-48.839334759697294,-20.874128580004147,98,3509304,62871,CAJOBI,SP,5361,Tarcísio,2318,1196,1782,29,23,4,7,1,1,0,1847,34.5,False
-50.82294934899644,-21.853702505463687,398,3536000,68217,PARAPUÃ,SP,5329,Tarcísio,2728,1513,972,69,31,5,6,2,1,2,1088,20.4,False
-48.2869274950006,-23.12904056855107,70,3506904,62375,BOFETE,SP,5283,Tarcísio,2149,1432,1556,32,106,3,4,0,0,1,1702,32.2,False
-50.555870088668335,-20.872942729962,532,3548054,61328,SANTO ANTÔNIO DO ARACANGUÁ,SP,5281,Tarcísio,1890,1615,1749,11,12,2,2,0,0,0,1776,33.6,False
-49.945178753691714,-21.45880267339394,43,3504404,61875,AVANHANDAVA,SP,5270,Tarcísio,1912,1872,1435,19,20,5,3,1,2,1,1486,28.2,False
-47.783695976671886,-23.664972944920777,538,3551108,71234,SARAPUÍ,SP,5249,Tarcísio,1912,1529,1754,18,22,7,4,1,2,0,1808,34.4,False
-50.40172191476864,-19.922700675204826,387,3534757,62383,OUROESTE,SP,5248,Tarcísio,2392,1620,1171,19,26,9,7,1,3,0,1236,23.6,False
-47.58465308462804,-23.047054207559942,467,3542107,69434,RAFARD,SP,5209,Tarcísio,3016,1197,901,50,26,12,5,1,1,0,996,19.1,False
-48.55422207460534,-21.776234417992498,367,3532900,67598,NOVA EUROPA,SP,5193,Fernando Haddad,1639,2206,1285,30,18,4,7,2,2,0,1348,26.0,False
-47.163737539016225,-24.16255114799183,414,3537206,68454,PEDRO DE TOLEDO,SP,5174,Tarcísio,1951,1543,1625,14,30,4,6,0,1,0,1680,32.5,False
-47.548005669770724,-21.31658885358774,541,3551405,71293,SERRA AZUL,SP,5134,Fernando Haddad,1945,2474,635,21,40,10,7,0,2,0,715,13.9,False
-44.78353649759471,-22.50649936720156,465,3541901,69396,QUELUZ,SP,5133,Rodrigo Garcia,1343,1655,2072,35,22,3,1,0,2,0,2135,41.6,False
-47.4021885964783,-20.372687645052423,138,3513207,63657,CRISTAIS PAULISTA,SP,5092,Tarcísio,2403,1554,1055,50,13,10,3,3,1,0,1135,22.3,False
-50.71586448791485,-21.683831091443647,485,3543808,69779,RINÓPOLIS,SP,5084,Tarcísio,2847,1019,809,368,25,6,9,0,0,1,1218,24.0,False
-49.709241184052374,-20.022225644647406,489,3544202,69850,RIOLÂNDIA,SP,5073,Fernando Haddad,1863,1970,1208,4,20,3,4,1,0,0,1240,24.4,False
-47.73471080797436,-22.870470157184755,501,3545159,61441,SALTINHO,SP,5070,Tarcísio,3447,652,880,50,26,5,9,0,1,0,971,19.2,False
-49.64581508946764,-20.871828735363337,360,3532504,67512,NEVES PAULISTA,SP,5054,Tarcísio,2315,1264,1411,26,25,7,5,1,0,0,1475,29.2,False
-49.775257108306214,-20.443706671184145,134,3512902,63592,COSMORAMA,SP,5049,Tarcísio,2449,1381,1180,19,11,3,4,2,0,0,1219,24.1,False
-48.976517693075664,-24.191279046852497,364,3532827,61980,NOVA CAMPINA,SP,5048,Tarcísio,2066,1990,942,19,17,5,7,1,1,0,992,19.7,False
-50.749243951770744,-20.43639990111579,391,3535200,68055,PALMEIRA D'OESTE,SP,5020,Tarcísio,2449,1452,1070,16,21,8,3,1,0,0,1119,22.3,False
-48.034072384628075,-21.59484791501569,484,3543709,69752,RINCÃO,SP,4911,Fernando Haddad,1755,2449,647,26,22,6,3,1,2,0,707,14.4,False
-49.30184179288498,-23.043692435257995,317,3528601,66737,MANDURI,SP,4893,Tarcísio,2415,1276,1112,30,38,8,10,1,3,0,1202,24.6,False
-48.15976559771174,-22.438267001008086,606,3554706,71951,TORRINHA,SP,4888,Tarcísio,2913,998,906,23,33,10,2,1,1,1,977,20.0,False
-50.02988809674886,-21.78337782409276,189,3517000,64416,GETULINA,SP,4850,Tarcísio,2004,1457,1340,22,18,3,4,0,2,0,1389,28.6,False
-50.373494770253565,-21.962114690395875,211,3519006,64815,HERCULÂNDIA,SP,4839,Tarcísio,2527,1515,743,14,25,7,2,2,4,0,797,16.5,False
-47.98761074347454,-21.24977418289134,156,3514601,63932,DUMONT,SP,4822,Tarcísio,2663,1255,838,23,30,2,8,1,2,0,904,18.7,False
-48.11900381134325,-23.173975033693694,446,3540507,69116,PORANGABA,SP,4793,Tarcísio,2030,1328,1325,23,59,18,6,4,0,0,1435,29.9,False
-50.41119986131502,-20.2670799580972,169,3515202,64050,ESTRELA D'OESTE,SP,4758,Tarcísio,2600,1010,1103,16,22,1,3,2,1,0,1148,24.1,False
-50.65363568187419,-20.20928052568195,622,3555802,72176,URÂNIA,SP,4709,Tarcísio,2415,1263,989,13,19,6,3,0,0,1,1031,21.9,False
-48.780177734577194,-21.18464792301187,36,3503703,61735,ARIRANHA,SP,4636,Tarcísio,2106,1063,1413,21,19,5,5,2,0,2,1467,31.6,False
-47.505831683067306,-20.647426172994646,473,3542701,69558,RESTINGA,SP,4629,Tarcísio,1902,1637,1023,33,22,5,4,3,0,0,1090,23.5,False
-48.35897265656441,-24.19170356267011,478,3543253,61700,RIBEIRÃO GRANDE,SP,4600,Rodrigo Garcia,1072,1719,1756,13,26,7,4,0,3,0,1809,39.3,False
-51.05527185894443,-22.64961514675041,223,3519907,64998,IEPÊ,SP,4543,Tarcísio,2301,1431,762,19,20,4,4,1,1,0,811,17.9,False
-50.47993407310167,-21.428357312633544,65,3506409,62278,BILAC,SP,4492,Tarcísio,2402,956,1082,27,12,6,4,1,2,0,1134,25.2,False
-44.888337305549825,-22.516952707121387,295,3526605,66338,LAVRINHAS,SP,4448,Rodrigo Garcia,1228,1119,2042,30,18,3,3,2,3,0,2101,47.2,False
-52.58755925689181,-22.519788206901307,171,3515350,61000,EUCLIDES DA CUNHA PAULISTA,SP,4448,Fernando Haddad,994,2309,1112,8,20,1,2,0,0,2,1145,25.7,False
-49.960900840111876,-22.868269424193457,503,3545407,70092,SALTO GRANDE,SP,4426,Tarcísio,2187,1342,829,21,33,6,7,1,0,0,897,20.3,False
-48.33704718429625,-22.11664682051081,153,3514304,63878,DOURADO,SP,4423,Tarcísio,1662,1120,1576,25,24,2,10,0,2,2,1641,37.1,False
-49.179660584072515,-20.368234404926465,222,3519808,64971,ICÉM,SP,4406,Tarcísio,1616,1346,1398,24,12,8,1,1,0,0,1444,32.8,False
-48.35393255769742,-21.51564028752191,150,3514007,63819,DOBRADA,SP,4391,Fernando Haddad,1207,1769,1369,16,18,4,6,1,0,1,1415,32.2,False
-47.9804510426605,-23.121064163796497,417,3537503,68519,PEREIRAS,SP,4389,Tarcísio,1907,1194,1218,32,34,1,2,1,0,0,1288,29.3,False
-51.27937803600404,-21.089078548388663,201,3517802,64572,GUARAÇAÍ,SP,4367,Tarcísio,2486,1253,575,24,23,3,2,1,0,0,628,14.4,False
-46.66812322671719,-22.704941928267242,344,3531209,67253,MONTE ALEGRE DO SUL,SP,4362,Tarcísio,2462,902,899,42,20,24,4,3,4,2,998,22.9,False
-48.05975835611043,-21.671660918011554,519,3546900,70394,SANTA LÚCIA,SP,4347,Fernando Haddad,1240,1969,1082,15,34,2,4,0,1,0,1138,26.2,False
-49.462122991878594,-20.06601111458016,406,3536604,68330,PAULO DE FARIA,SP,4306,Rodrigo Garcia,1405,1308,1565,5,11,9,3,0,0,0,1593,37.0,False
-48.34799178566798,-20.776750920145457,602,3554409,71897,TERRA ROXA,SP,4301,Tarcísio,1829,1489,906,43,25,4,4,1,0,0,983,22.9,False
-47.627707285435676,-20.58479355617439,560,3549508,70912,SÃO JOSÉ DA BELA VISTA,SP,4278,Fernando Haddad,1438,1707,1090,18,21,3,1,0,0,0,1133,26.5,False
-50.900579811486224,-20.665577223151807,550,3552304,71471,SUD MENNUCCI,SP,4271,Tarcísio,1851,1695,705,1,14,1,3,1,0,0,725,17.0,False
-46.65018575877951,-22.514664559325606,300,3527009,66419,LINDÓIA,SP,4219,Tarcísio,1943,689,1543,22,14,3,4,1,0,0,1587,37.6,False
-48.98384727279117,-22.075917688019764,33,3503406,61670,AREALVA,SP,4217,Tarcísio,2323,1171,665,26,25,3,4,0,0,0,723,17.1,False
-46.693608971034195,-21.911710188219903,638,3500402,61077,ÁGUAS DA PRATA,SP,4210,Tarcísio,2034,1226,875,30,25,5,10,4,1,0,950,22.6,False
-45.6999459029734,-22.829110571973022,534,3548203,70653,SANTO ANTÔNIO DO PINHAL,SP,4209,Tarcísio,1678,1103,1302,53,37,17,12,1,6,0,1428,33.9,False
-51.738485506230084,-21.51035260924216,386,3534807,67970,OURO VERDE,SP,4189,Tarcísio,1672,1635,845,11,12,9,4,0,1,0,882,21.1,False
-49.973397438475686,-20.836515082702977,312,3528106,66630,MACAUBAL,SP,4184,Tarcísio,2175,775,1191,25,11,2,3,0,1,1,1234,29.5,False
-48.42468923802018,-24.890243003697424,53,3505401,62073,BARRA DO TURVO,SP,4167,Fernando Haddad,1224,1664,1250,4,23,0,2,0,0,0,1279,30.7,False
-46.921775220030646,-21.748495056364796,266,3523800,65773,ITOBI,SP,4132,Tarcísio,1717,1499,851,27,24,5,7,1,1,0,916,22.2,False
-48.648674300322725,-21.176332929816667,632,3556909,72419,VISTA ALEGRE DO ALTO,SP,4112,Tarcísio,1877,1256,925,21,25,2,2,4,0,0,979,23.8,False
-47.730224340094686,-20.705401331581566,375,3533601,67733,NUPORANGA,SP,4097,Rodrigo Garcia,1525,954,1570,24,15,3,4,1,1,0,1618,39.5,False
-47.61493763612093,-24.005648359652948,591,3553500,71714,TAPIRAÍ,SP,4033,Tarcísio,2006,1166,802,24,23,8,4,0,0,0,861,21.3,False
-49.77179292656711,-22.67990870602726,575,3550506,71110,SÃO PEDRO DO TURVO,SP,4027,Tarcísio,1613,1386,992,5,19,6,2,1,0,3,1028,25.5,False
-51.78968775204357,-21.19818090386091,404,3536406,68292,PAULICÉIA,SP,3983,Tarcísio,2136,1332,461,8,38,3,1,2,2,0,515,12.9,False
-47.98096035824922,-21.453061078796132,207,3518859,61107,GUATAPARÁ,SP,3939,Fernando Haddad,1400,1819,642,27,41,4,6,0,0,0,720,18.3,False
-49.05385123121535,-21.06229718996733,117,3511201,63258,CATIGUÁ,SP,3934,Tarcísio,1963,911,1015,19,14,7,4,1,0,0,1060,26.9,False
-46.41551768296127,-22.88710728074839,626,3556354,61549,VARGEM,SP,3931,Tarcísio,1949,924,951,46,44,10,5,0,2,0,1058,26.9,False
-49.58459439529758,-20.946041511881468,274,3524501,65919,JACI,SP,3912,Tarcísio,1715,862,1298,14,21,0,2,0,0,0,1335,34.1,False
-47.71275144602621,-22.427792120733788,237,3521101,65234,IPEÚNA,SP,3873,Tarcísio,2349,844,624,20,20,5,9,1,1,0,680,17.6,False
-45.384888095861015,-23.416774635881964,358,3532306,67474,NATIVIDADE DA SERRA,SP,3870,Tarcísio,1803,1029,973,25,24,6,3,2,5,0,1038,26.8,False
-51.34290400954274,-22.505699838938813,584,3552908,71595,TACIBA,SP,3857,Fernando Haddad,1404,1486,890,38,33,5,1,0,0,0,967,25.1,False
-50.463520960385225,-21.567222848421352,125,3511904,63398,CLEMENTINA,SP,3835,Tarcísio,2121,1005,664,19,9,9,4,0,3,1,709,18.5,False
-51.62573512332002,-22.355806806961123,596,3553906,71790,TARABAI,SP,3816,Fernando Haddad,1387,1649,733,25,14,3,1,0,3,1,780,20.4,False
-48.40310951806294,-23.101262752095263,400,3536109,68233,PARDINHO,SP,3813,Tarcísio,1789,1071,877,34,27,6,5,3,1,0,953,25.0,False
-48.72196545252419,-20.26594157135834,127,3512100,63436,COLÔMBIA,SP,3806,Tarcísio,1406,1194,1174,12,14,4,1,1,0,0,1206,31.7,False
-47.19515236133196,-21.09270036047627,530,3547908,70599,SANTO ANTÔNIO DA ALEGRIA,SP,3777,Tarcísio,1512,1295,934,10,18,5,2,0,1,0,970,25.7,False
-45.21060431129867,-23.08710723660938,293,3526308,66273,LAGOINHA,SP,3748,Rodrigo Garcia,1073,975,1631,23,31,4,6,2,3,0,1700,45.4,False
-49.06390227544076,-23.177660483804857,25,3503109,61611,ARANDU,SP,3725,Tarcísio,1847,1127,697,13,28,4,5,3,0,1,751,20.2,False
-44.84158854682583,-22.73253840240231,547,3552007,71412,SILVEIRAS,SP,3715,Tarcísio,1343,1029,1278,33,23,3,2,1,2,1,1343,36.2,False
-50.37063207435311,-22.102595558926645,466,3542008,69418,QUINTANA,SP,3708,Tarcísio,2032,1194,424,27,23,1,2,1,1,3,482,13.0,False
-48.41787584128012,-20.64829466733158,271,3524204,65854,JABORANDI,SP,3695,Rodrigo Garcia,1169,1117,1389,5,12,3,0,0,0,0,1409,38.1,False
-49.51720673944626,-21.06085086623007,363,3532801,67571,NOVA ALIANÇA,SP,3692,Tarcísio,1723,776,1150,13,12,12,4,2,0,0,1193,32.3,False
-49.92184765356413,-21.291034558670162,49,3505104,61999,BARBOSA,SP,3661,Rodrigo Garcia,1266,885,1487,5,12,4,1,0,1,0,1510,41.2,False
-49.40018174476529,-21.264641608494422,243,3521507,65315,IRAPUÃ,SP,3634,Tarcísio,2153,782,677,9,9,2,2,0,0,0,699,19.2,False
-50.09415228102729,-22.142318502187123,379,3534104,67830,ORIENTE,SP,3622,Tarcísio,1809,1064,697,17,16,13,1,4,1,0,749,20.7,False
-50.7272243740881,-20.01172473975984,507,3545704,70157,SANTA ALBERTINA,SP,3598,Tarcísio,1612,921,1014,11,29,7,3,0,1,0,1065,29.6,False
-48.36586696101732,-21.456109610377933,515,3546504,70319,SANTA ERNESTINA,SP,3592,Tarcísio,1535,1255,763,10,9,9,11,0,0,0,802,22.3,False
-49.772043392699175,-20.292508483230097,15,3501806,61352,AMÉRICO DE CAMPOS,SP,3589,Tarcísio,1828,875,852,17,11,4,1,1,0,0,886,24.7,False
-49.35304867120669,-20.201934213821083,380,3534203,67857,ORINDIÚVA,SP,3587,Rodrigo Garcia,1193,937,1428,18,6,2,1,1,1,0,1457,40.6,False
-49.50199750980336,-21.346177786865567,497,3544806,69973,SALES,SP,3573,Tarcísio,1914,589,1044,11,11,0,2,1,1,0,1070,29.9,False
-50.198401260431815,-22.449237816673843,157,3514700,63959,ECHAPORÃ,SP,3549,Tarcísio,1634,975,905,21,6,7,0,0,1,0,940,26.5,False
-50.07661514362665,-22.81178421012014,218,3519501,64912,IBIRAREMA,SP,3548,Tarcísio,2073,743,699,14,12,2,3,2,0,0,732,20.6,False
-49.57156488434538,-21.192415632811382,327,3529500,66915,MENDONÇA,SP,3543,Tarcísio,1419,828,1275,8,10,1,1,1,0,0,1296,36.6,False
-48.17476948214922,-22.800900302442596,19,3502309,61450,ANHEMBI,SP,3539,Tarcísio,1813,1019,654,19,25,4,4,0,1,0,707,20.0,False
-46.68292290775393,-22.82937711641596,610,3554953,61620,TUIUTI,SP,3536,Tarcísio,1826,726,910,31,19,12,6,1,1,4,984,27.8,False
-47.86626183127824,-23.549703190166284,5,3500758,61581,ALAMBARI,SP,3531,Tarcísio,1538,810,1158,10,13,0,2,0,0,0,1183,33.5,False
-49.57874011594111,-22.321146893947525,210,3516606,64335,GÁLIA,SP,3497,Fernando Haddad,1129,1310,1019,12,22,1,2,2,0,0,1058,30.3,False
-46.439348463710964,-22.776739987893617,409,3536802,68373,PEDRA BELA,SP,3449,Rodrigo Garcia,1215,725,1437,35,28,3,3,2,1,0,1509,43.8,False
-48.684775163818955,-23.94330653050403,595,3553856,61840,TAQUARIVAÍ,SP,3446,Tarcísio,1279,968,1180,5,11,1,1,1,0,0,1199,34.8,False
-45.70947106301987,-23.280794291214992,278,3524907,65994,JAMBEIRO,SP,3446,Tarcísio,1852,929,568,47,26,14,6,1,2,1,665,19.3,False
-48.440184928715624,-23.607688261860872,100,3509452,61506,CAMPINA DO MONTE ALEGRE,SP,3438,Tarcísio,1604,1007,794,10,12,8,2,0,1,0,827,24.1,False
-46.684770636541494,-22.131236790515654,533,3548104,70637,SANTO ANTÔNIO DO JARDIM,SP,3438,Tarcísio,1574,874,920,40,17,6,4,1,1,1,990,28.8,False
-50.61938999346196,-21.801258225410134,215,3519204,64858,IACRI,SP,3435,Tarcísio,1889,821,676,31,14,1,0,1,1,1,725,21.1,False
-48.69621080950319,-21.310639886539185,173,3515608,64130,FERNANDO PRESTES,SP,3419,Tarcísio,1406,794,1184,12,13,5,2,2,1,0,1219,35.7,False
-49.180344951768554,-21.88855891699043,471,3542503,69515,REGINÓPOLIS,SP,3418,Tarcísio,1924,781,660,17,23,7,3,1,2,0,713,20.9,False
-50.87116917019612,-20.272218810392204,609,3554904,71994,TRÊS FRONTEIRAS,SP,3404,Tarcísio,1572,866,935,14,10,4,1,1,1,0,966,28.4,False
-47.16834127888712,-20.65607215374587,265,3523701,65757,ITIRAPUÃ,SP,3400,Fernando Haddad,995,1261,1113,17,10,1,2,1,0,0,1144,33.6,False
-49.58852349275916,-21.916349264394757,197,3518107,64637,GUARANTÃ,SP,3359,Tarcísio,1624,953,742,12,20,4,2,0,2,0,782,23.3,False
-49.26266922957955,-22.8586509335281,640,3500550,70190,ÁGUAS DE SANTA BÁRBARA,SP,3356,Tarcísio,1905,866,504,31,28,10,10,1,0,1,585,17.4,False
-48.53420840762527,-21.133935956278055,586,3553104,71633,TAIAÇU,SP,3250,Rodrigo Garcia,985,997,1245,5,12,3,1,0,2,0,1268,39.0,False
-51.34624816491234,-21.48633150203243,242,3521606,65331,IRAPURU,SP,3247,Tarcísio,1606,968,645,12,9,3,3,0,0,1,673,20.7,False
-50.644346002237825,-21.572365513942625,419,3537701,68551,PIACATU,SP,3232,Tarcísio,1673,952,575,14,14,0,3,1,0,0,607,18.8,False
-51.5210169528879,-22.56520134452213,357,3532207,67458,NARANDIBA,SP,3231,Fernando Haddad,1106,1360,743,8,12,1,0,0,1,0,765,23.7,False
-49.44701186321824,-23.846677637976384,490,3543501,69710,RIVERSUL,SP,3201,Rodrigo Garcia,960,1003,1215,4,16,0,2,1,0,0,1238,38.7,False
-49.08340308383547,-24.445360551051593,52,3505351,61360,BARRA DO CHAPÉU,SP,3201,Rodrigo Garcia,675,1095,1404,1,13,5,5,1,1,1,1431,44.7,False
-49.85960453973812,-21.87804991932058,191,3517307,64475,GUAIMBÊ,SP,3197,Rodrigo Garcia,962,790,1424,6,10,1,2,0,2,0,1445,45.2,False
-48.42680065709144,-21.13198308480572,587,3553203,71650,TAIÚVA,SP,3151,Tarcísio,1568,670,866,29,12,2,1,1,1,1,913,29.0,False
-48.76541428958887,-21.018063958353743,399,3535705,68152,PARAÍSO,SP,3107,Tarcísio,1637,780,632,26,26,2,3,0,1,0,690,22.2,False
-50.339722059322526,-21.553039907451048,80,3507704,62553,BRAÚNA,SP,3106,Tarcísio,1809,628,654,3,4,2,5,0,0,1,669,21.5,False
-48.69874966251245,-22.820337085845,455,3541059,62146,PRATÂNIA,SP,3095,Tarcísio,1270,861,926,18,11,4,1,1,2,1,964,31.1,False
-49.74728025853788,-21.216062355376515,615,3555356,61468,UBARANA,SP,3086,Tarcísio,1079,940,1038,7,18,3,1,0,0,0,1067,34.6,False
-49.820217497404826,-20.751347985921214,439,3539905,68993,POLONI,SP,3085,Tarcísio,1490,681,887,14,5,4,3,1,0,0,914,29.6,False
-47.43954699854761,-20.06191185744423,483,3543600,69736,RIFAINA,SP,3066,Tarcísio,1518,1170,333,20,18,5,1,0,1,0,378,12.3,False
-49.400853626100485,-20.650655023933716,238,3521150,62243,IPIGUÁ,SP,3040,Tarcísio,1431,564,1019,8,10,3,3,1,1,0,1045,34.4,False
-47.820242434390046,-20.14273285308766,24,3503000,61590,ARAMINA,SP,3039,Tarcísio,1251,1049,692,21,17,5,3,0,0,1,739,24.3,False
-47.56867549880488,-20.447950421956367,477,3543105,69639,RIBEIRÃO CORRENTE,SP,3015,Rodrigo Garcia,1151,681,1162,9,4,7,1,0,0,0,1183,39.2,False
-49.48673145479285,-20.593161253082762,337,3530409,67091,MIRASSOLÂNDIA,SP,3013,Rodrigo Garcia,1002,430,1562,6,7,2,0,1,3,0,1581,52.5,False
-50.301903771533325,-21.373480700020615,131,3512506,63517,COROADOS,SP,2999,Tarcísio,1613,759,604,5,15,2,0,0,1,0,627,20.9,False
-47.86616626667893,-22.599825913673698,641,3500600,61115,ÁGUAS DE SÃO PEDRO,SP,2942,Tarcísio,1529,724,628,31,12,5,7,3,1,2,689,23.4,False
-51.26187730540807,-22.130861425465717,232,3520608,65137,INDIANA,SP,2936,Tarcísio,1538,774,575,25,16,5,2,1,0,0,624,21.3,False
-51.39393394376799,-21.934421242227618,6,3500808,61158,ALFREDO MARCONDES,SP,2909,Tarcísio,1468,888,536,6,10,0,0,1,0,0,553,19.0,False
-49.57626029102397,-21.468830361378835,495,3544608,69930,SABINO,SP,2906,Rodrigo Garcia,995,725,1169,5,8,1,3,0,0,0,1186,40.8,False
-47.48666093027693,-22.124113841803442,511,3546207,70254,SANTA CRUZ DA CONCEIÇÃO,SP,2893,Tarcísio,1633,601,618,21,8,5,5,2,0,0,659,22.8,False
-49.65775161121491,-21.290907207818496,2,3500204,61034,ADOLFO,SP,2890,Tarcísio,1353,561,956,5,12,2,1,0,0,0,976,33.8,False
-49.66807125742587,-22.54213711643428,617,3555505,72117,UBIRAJARA,SP,2885,Tarcísio,1241,871,749,16,6,0,1,1,0,0,773,26.8,False
-49.316721765329476,-22.187083539412555,45,3504305,61859,AVAÍ,SP,2868,Rodrigo Garcia,879,975,998,6,6,3,1,0,0,0,1014,35.4,False
-49.93511518322491,-20.994711038838602,437,3539608,68934,PLANALTO,SP,2868,Tarcísio,1080,742,1028,10,4,0,3,1,0,0,1046,36.5,False
-48.15457607019591,-22.56528556964701,520,3547007,70416,SANTA MARIA DA SERRA,SP,2857,Tarcísio,1337,606,877,13,17,4,1,2,0,0,914,32.0,False
-49.24351090106681,-20.61833316955776,378,3534005,67814,ONDA VERDE,SP,2856,Tarcísio,1145,676,999,12,16,4,4,0,0,0,1035,36.2,False
-45.53072328588851,-23.25032840166427,469,3542305,69477,REDENÇÃO DA SERRA,SP,2844,Rodrigo Garcia,858,664,1283,16,14,4,2,1,2,0,1322,46.5,False
-49.9256465192736,-22.75319442331453,481,3543204,69655,RIBEIRÃO DO SUL,SP,2835,Fernando Haddad,1176,1230,406,7,13,2,1,0,0,0,429,15.1,False
-49.10609521103024,-22.816422786165557,216,3519253,61085,IARAS,SP,2804,Fernando Haddad,960,1398,414,8,16,2,4,2,0,0,446,15.9,False
-45.79678040823163,-22.93080631484138,350,3531704,67350,MONTEIRO LOBATO,SP,2801,Tarcísio,1049,918,775,35,10,6,4,4,0,0,834,29.8,False
-49.30574956132695,-23.631803613668875,132,3512605,63533,CORONEL MACEDO,SP,2801,Fernando Haddad,854,1409,505,6,24,0,1,1,1,0,538,19.2,False
-47.678126873974556,-22.12076839086156,16,3502002,61395,ANALÂNDIA,SP,2794,Tarcísio,1586,593,535,23,46,6,3,2,0,0,615,22.0,False
-48.447207860007,-21.79274698064897,187,3516853,62308,GAVIÃO PEIXOTO,SP,2791,Fernando Haddad,770,1082,873,16,37,7,4,2,0,0,939,33.6,False
-49.79317327325208,-23.017727271756875,107,3510153,61344,CANITAR,SP,2745,Tarcísio,1076,983,655,5,21,1,4,0,0,0,686,25.0,False
-51.03284924174467,-21.15037949828121,296,3526506,66311,LAVÍNIA,SP,2743,Rodrigo Garcia,971,752,995,10,10,1,2,0,2,0,1020,37.2,False
-50.921779808993726,-20.475525776772283,22,3502606,61514,APARECIDA D'OESTE,SP,2743,Tarcísio,1051,903,777,5,5,0,1,0,0,1,789,28.8,False
-44.59023650574447,-22.74817355223499,561,3549607,70939,SÃO JOSÉ DO BARREIRO,SP,2741,Rodrigo Garcia,951,758,1010,10,11,1,0,0,0,0,1032,37.7,False
-45.04141298036607,-22.72776672764632,106,3509957,62103,CANAS,SP,2723,Tarcísio,1247,652,771,15,26,8,2,1,1,0,824,30.3,False
-50.87882960361446,-21.585751361034816,500,3545100,70033,SALMOURÃO,SP,2706,Tarcísio,1235,715,731,16,8,1,0,0,0,0,756,27.9,False
-48.78758813531203,-22.176768945382975,74,3507308,62456,BORACÉIA,SP,2701,Tarcísio,1303,635,730,17,14,0,1,1,0,0,763,28.2,False
-51.98793661267037,-21.801305508526116,95,3509106,62839,CAIUÁ,SP,2698,Fernando Haddad,797,1197,682,3,17,1,1,0,0,0,704,26.1,False
-50.349829679644515,-21.672772166409427,307,3527702,66559,LUIZIÂNIA,SP,2698,Tarcísio,1115,834,725,8,10,5,0,1,0,0,749,27.8,False
-49.79289678688061,-21.970553310131425,292,3525805,66176,JÚLIO MESQUITA,SP,2666,Rodrigo Garcia,727,925,988,14,9,2,1,0,0,0,1014,38.0,False
-47.69370033434245,-20.208500791803125,86,3508207,62650,BURITIZAL,SP,2652,Tarcísio,1717,519,392,11,9,2,1,1,0,0,416,15.7,False
-50.19845464691531,-21.33797750628757,190,3517109,64432,GLICÉRIO,SP,2639,Tarcísio,1321,932,353,15,14,4,0,0,0,0,386,14.6,False
-50.187140865098215,-20.398991366823083,328,3529609,66931,MERIDIANO,SP,2631,Tarcísio,1018,708,873,11,17,1,1,1,0,1,905,34.4,False
-49.92312961094827,-20.287048414634164,642,3501202,61239,ÁLVARES FLORENCE,SP,2612,Tarcísio,1291,569,731,9,4,2,5,1,0,0,752,28.8,False
-50.00857894632021,-22.612870431657516,103,3509809,62979,CAMPOS NOVOS PAULISTA,SP,2603,Tarcísio,1375,711,499,7,5,6,0,0,0,0,517,19.9,False
-48.9188915451872,-20.990058896861346,373,3533254,61409,NOVAIS,SP,2589,Rodrigo Garcia,921,518,1131,7,8,2,2,0,0,0,1150,44.4,False
-51.22400097389476,-21.94811418136937,93,3508900,62790,CAIABU,SP,2577,Rodrigo Garcia,736,623,1201,0,14,3,0,0,0,0,1218,47.3,False
-49.78207472740497,-20.891363549700856,362,3532702,67555,NIPOÃ,SP,2576,Tarcísio,1093,693,758,15,10,5,1,1,0,0,790,30.7,False
-50.51638403615259,-19.908658585413615,445,3540408,69094,POPULINA,SP,2567,Fernando Haddad,864,1179,494,7,11,5,5,0,2,0,524,20.4,False
-50.183833199232694,-20.09873601065618,313,3528205,66656,MACEDÔNIA,SP,2562,Tarcísio,1005,578,956,11,7,2,1,2,0,0,979,38.2,False
-49.30954351197575,-23.34321028034176,600,3554201,71854,TEJUPÁ,SP,2540,Fernando Haddad,738,1070,700,5,18,2,1,0,2,4,732,28.8,False
-48.03595372183093,-23.302000312859885,462,3541653,62162,QUADRA,SP,2538,Rodrigo Garcia,936,538,1037,8,12,5,2,0,0,0,1064,41.9,False
-51.57336256023071,-21.25757226304442,348,3531605,67334,MONTE CASTELO,SP,2536,Tarcísio,1084,909,518,6,14,1,1,2,0,1,543,21.4,False
-50.59490817377631,-20.065646447948616,397,3535903,68195,PARANAPUÃ,SP,2534,Tarcísio,1045,696,770,13,7,0,1,0,1,1,793,31.3,False
-50.71340579410738,-20.62485207045862,209,3518909,64793,GUZOLÂNDIA,SP,2465,Fernando Haddad,849,936,661,4,10,2,2,1,0,0,680,27.6,False
-51.428465804694646,-22.361106455937122,20,3502408,61476,ANHUMAS,SP,2464,Tarcísio,966,685,803,2,6,1,0,1,0,0,813,33.0,False
-44.71095024945504,-22.67458001154229,34,3503505,61697,AREIAS,SP,2453,Fernando Haddad,637,924,861,14,10,4,2,0,1,0,892,36.4,False
-50.19129070999834,-21.610070675430034,9,3501103,61212,ALTO ALEGRE,SP,2452,Tarcísio,1410,626,397,11,5,1,1,0,0,1,416,17.0,False
-49.43348923191157,-22.123335824930514,456,3541109,69230,PRESIDENTE ALVES,SP,2440,Tarcísio,1099,657,665,14,3,2,0,0,0,0,684,28.0,False
-51.2997742213517,-20.99921023958771,355,3532108,67431,MURUTINGA DO SUL,SP,2436,Tarcísio,1076,647,700,8,3,1,0,1,0,0,713,29.3,False
-51.8414493654832,-22.477329414148983,505,3545506,70114,SANDOVALINA,SP,2432,Fernando Haddad,692,1418,293,10,17,0,1,1,0,0,322,13.2,False
-48.169968566934095,-21.51314621197033,354,3532058,61069,MOTUCA,SP,2407,Fernando Haddad,933,1102,331,13,16,5,4,0,3,0,372,15.5,False
-50.798423504215165,-22.27799254962414,286,3525607,66133,JOÃO RAMALHO,SP,2386,Tarcísio,1131,740,476,11,21,0,5,0,1,1,515,21.6,False
-49.81689864390127,-22.4274149270625,308,3527801,66575,LUPÉRCIO,SP,2383,Tarcísio,956,792,618,9,5,1,2,0,0,0,635,26.6,False
-49.16201614956469,-24.31563337770938,73,3507159,61786,BOM SUCESSO DE ITARARÉ,SP,2375,Fernando Haddad,898,1101,355,5,10,4,0,0,2,0,376,15.8,False
-47.61161397216391,-22.238103007363875,133,3512704,63550,CORUMBATAÍ,SP,2359,Tarcísio,1151,420,759,7,11,3,5,3,0,0,788,33.4,False
-49.430564054544305,-22.672744178913142,167,3515194,61140,ESPÍRITO SANTO DO TURVO,SP,2356,Fernando Haddad,785,885,661,4,14,4,2,1,0,0,686,29.1,False
-49.93979270274032,-22.440868483970632,376,3533700,67750,OCAUÇU,SP,2310,Tarcísio,1005,691,581,11,16,3,2,1,0,0,614,26.6,False
-51.44061240273726,-20.593809986363876,256,3523008,65617,ITAPURA,SP,2304,Fernando Haddad,427,1295,551,9,13,5,3,1,0,0,582,25.3,False
-51.50561722358709,-21.136266348040042,370,3533205,67652,NOVA INDEPENDÊNCIA,SP,2302,Tarcísio,1012,790,488,5,3,3,0,0,1,0,500,21.7,False
-49.37273916669061,-22.490900987288597,89,3508306,62677,CABRÁLIA PAULISTA,SP,2292,Tarcísio,934,863,465,6,9,1,9,3,0,2,495,21.6,False
-50.51748705693093,-21.65877269589342,537,3548401,70696,SANTÓPOLIS DO AGUAPEÍ,SP,2279,Rodrigo Garcia,658,501,1103,6,9,0,0,0,2,0,1120,49.1,False
-49.221245943965314,-24.570928944435902,254,3522653,61948,ITAPIRAPUÃ PAULISTA,SP,2274,Fernando Haddad,433,1045,782,2,11,0,0,0,1,0,796,35.0,False
-47.57315577358619,-20.339516618266153,283,3525409,66095,JERIQUARA,SP,2254,Rodrigo Garcia,676,639,904,18,11,6,0,0,0,0,939,41.7,False
-50.265602224385816,-19.94905072881903,233,3520707,65153,INDIAPORÃ,SP,2247,Tarcísio,817,801,612,7,9,0,0,1,0,0,629,28.0,False
-50.958053463333655,-21.741682703557796,234,3520806,65170,INÚBIA PAULISTA,SP,2217,Tarcísio,1286,359,552,12,6,0,1,0,1,0,572,25.8,False
-49.358827927972726,-21.728382423611617,441,3540101,69035,PONGAÍ,SP,2195,Tarcísio,1147,474,559,6,8,0,0,1,0,0,574,26.2,False
-49.484784435182384,-23.257762295710737,539,3551207,71250,SARUTAIÁ,SP,2194,Fernando Haddad,678,882,610,7,12,1,1,2,1,0,634,28.9,False
-47.60471035328532,-22.944594594777467,342,3530904,67199,MOMBUCA,SP,2192,Tarcísio,1193,467,502,9,10,1,7,1,0,2,532,24.3,False
-48.54553668590442,-24.51478532889101,239,3521200,65250,IPORANGA,SP,2184,Fernando Haddad,594,949,618,5,11,2,5,0,0,0,641,29.3,False
-51.01875948029435,-20.253370028820044,493,3544509,69914,RUBINÉIA,SP,2178,Tarcísio,1061,568,533,6,5,3,1,0,1,0,549,25.2,False
-49.09438810126895,-20.535185862489577,7,3500907,61174,ALTAIR,SP,2169,Rodrigo Garcia,727,586,844,6,4,2,0,0,0,0,856,39.5,False
-50.523234553211864,-20.45252226947105,443,3540259,61808,PONTALINDA,SP,2162,Fernando Haddad,829,861,448,8,14,0,1,1,0,0,472,21.8,False
-50.243735040710575,-21.8004423870683,464,3541802,69370,QUEIROZ,SP,2149,Tarcísio,935,792,408,5,7,0,2,0,0,0,422,19.6,False
-51.732947118133126,-21.853798760739885,425,3538303,68691,PIQUEROBI,SP,2148,Fernando Haddad,814,925,382,5,20,1,0,1,0,0,409,19.0,False
-52.05503585031586,-22.12731612818045,318,3528700,66753,MARABÁ PAULISTA,SP,2142,Fernando Haddad,657,1145,314,6,17,2,1,0,0,0,340,15.9,False
-49.035389877398245,-24.608007099481608,474,3542800,69574,RIBEIRA,SP,2139,Fernando Haddad,554,1161,407,5,9,2,0,0,1,0,424,19.8,False
-49.91633166254566,-20.630968220611038,540,3551306,71277,SEBASTIANÓPOLIS DO SUL,SP,2132,Rodrigo Garcia,794,324,994,11,8,0,0,1,0,0,1014,47.6,False
-50.20022512959806,-20.80470244819322,186,3516804,64378,GASTÃO VIDIGAL,SP,2090,Fernando Haddad,649,902,520,5,10,1,2,1,0,0,539,25.8,False
-51.17144134656302,-21.779321627941563,322,3528908,66796,MARIÁPOLIS,SP,2082,Tarcísio,928,660,467,19,7,1,0,0,0,0,494,23.7,False
-51.07576825078469,-20.473883799366817,553,3552551,61301,SUZANÁPOLIS,SP,2058,Rodrigo Garcia,503,760,784,3,6,0,1,1,0,0,795,38.6,False
-48.79543941735331,-21.951384399036503,246,3522000,65412,ITAJU,SP,2055,Tarcísio,952,531,551,9,9,2,1,0,0,0,572,27.8,False
-50.80289729761636,-22.816270563198152,413,3537156,61247,PEDRINHAS PAULISTA,SP,2031,Tarcísio,917,382,715,7,7,1,2,0,0,0,732,36.0,False
-50.25254335260088,-20.870355403627784,371,3533304,67679,NOVA LUZITÂNIA,SP,2014,Fernando Haddad,565,726,708,12,2,0,1,0,0,0,723,35.9,False
-48.83736858992272,-24.618669496599672,248,3522158,61603,ITAOCA,SP,1987,Fernando Haddad,689,980,299,4,12,2,0,0,1,0,318,16.0,False
-50.03833592689007,-20.272799876043614,402,3536257,61824,PARISI,SP,1961,Tarcísio,758,471,723,4,3,1,1,0,0,0,732,37.3,False
-51.37071560911092,-21.828350532687143,535,3548302,70670,SANTO EXPEDITO,SP,1954,Tarcísio,817,772,341,6,13,1,3,1,0,0,365,18.7,False
-51.472548940174676,-21.80000072923059,164,3515129,61387,EMILIANÓPOLIS,SP,1952,Tarcísio,792,741,407,5,7,0,0,0,0,0,419,21.5,False
-50.230001143031934,-20.597287532066442,314,3528304,66672,MAGDA,SP,1950,Tarcísio,864,595,478,3,9,1,0,0,0,0,491,25.2,False
-49.73115443093778,-22.08586733180747,644,3501400,61271,ÁLVARO DE CARVALHO,SP,1945,Tarcísio,650,629,634,4,23,2,3,0,0,0,666,34.2,False
-49.090760415932614,-21.162670104653035,160,3514924,61760,ELISIÁRIO,SP,1939,Tarcísio,907,428,594,3,6,0,1,0,0,0,604,31.2,False
-50.154523681713556,-20.66963025783958,178,3515905,64190,FLOREAL,SP,1914,Tarcísio,716,633,547,4,11,1,2,0,0,0,565,29.5,False
-49.14085341036647,-21.257149695476,320,3528858,61867,MARAPOAMA,SP,1912,Tarcísio,1155,332,406,7,9,0,3,0,0,0,425,22.2,False
-50.69397435435245,-22.881193145116466,179,3516101,64238,FLORÍNEA,SP,1906,Fernando Haddad,658,690,537,10,11,0,0,0,0,0,558,29.3,False
-50.209355118015814,-22.627748469574705,438,3539707,68950,PLATINA,SP,1903,Tarcísio,906,502,478,5,8,2,1,1,0,0,495,26.0,False
-50.5637907251293,-21.500660305352383,184,3516507,64319,GABRIEL MONTEIRO,SP,1877,Tarcísio,932,303,615,15,7,1,2,1,1,0,642,34.2,False
-50.12327654785292,-19.95212813050104,332,3530003,67016,MIRA ESTRELA,SP,1869,Tarcísio,707,510,638,5,7,1,1,0,0,0,652,34.9,False
-49.7600496922212,-22.451911542013924,11,3501509,61298,ALVINLÂNDIA,SP,1857,Tarcísio,753,631,460,4,6,0,1,1,1,0,473,25.5,False
-51.667037378418755,-22.484923154477823,170,3515301,64076,ESTRELA DO NORTE,SP,1835,Fernando Haddad,604,639,574,8,8,0,2,0,0,0,592,32.3,False
-49.57140529692187,-23.58390763816394,57,3505005,62014,BARÃO DE ANTONINA,SP,1817,Tarcísio,720,614,459,10,12,0,1,0,0,1,483,26.6,False
-50.256159507619714,-22.294130282005376,383,3534500,67911,OSCAR BRESSANE,SP,1780,Tarcísio,889,375,495,5,10,1,4,0,1,0,516,29.0,False
-50.208798170172585,-21.173983954441603,81,3507753,62081,BREJO ALEGRE,SP,1770,Fernando Haddad,605,764,387,6,5,2,1,0,0,0,401,22.7,False
-51.73730569958641,-21.316480487096893,521,3547106,70432,SANTA MERCEDES,SP,1762,Tarcísio,634,524,590,4,8,1,0,1,0,0,604,34.3,False
-50.38285456899118,-22.324147052448488,309,3527900,66591,LUTÉCIA,SP,1761,Tarcísio,710,707,327,5,4,6,2,0,0,0,344,19.5,False
-47.14475580968761,-21.264919317013042,143,3510906,63193,CÁSSIA DOS COQUEIROS,SP,1754,Tarcísio,601,549,572,10,15,3,3,0,0,1,604,34.4,False
-48.626770414886806,-21.343590754331913,145,3510104,63037,CÂNDIDO RODRIGUES,SP,1749,Tarcísio,725,361,652,3,7,0,1,0,0,0,663,37.9,False
-48.84881312355868,-20.953884272592354,161,3514957,61182,EMBAÚBA,SP,1736,Rodrigo Garcia,561,360,802,6,5,0,1,1,0,0,815,46.9,False
-50.101899403429755,-20.205195380805083,410,3536901,68390,PEDRANÓPOLIS,SP,1733,Tarcísio,654,545,519,6,7,0,1,0,1,0,534,30.8,False
-48.21084501209128,-23.248564870353555,605,3554656,62049,TORRE DE PEDRA,SP,1732,Tarcísio,784,355,554,18,17,1,2,0,1,0,593,34.2,False
-50.785786416899676,-21.359239540221864,494,3544400,69892,RUBIÁCEA,SP,1725,Tarcísio,738,457,519,8,2,0,1,0,0,0,530,30.7,False
-50.04823520659161,-21.12467262901468,637,3557154,61921,ZACARIAS,SP,1715,Rodrigo Garcia,635,437,638,3,2,0,0,0,0,0,643,37.5,False
-50.812036782749566,-20.09242226649272,522,3547403,70491,SANTA RITA D'OESTE,SP,1711,Tarcísio,663,492,531,10,10,2,2,1,0,0,556,32.5,False
-44.441628703356166,-22.678315610659983,26,3503158,61646,ARAPEÍ,SP,1693,Rodrigo Garcia,491,552,639,0,11,0,0,0,0,0,650,38.4,False
-47.78843005409191,-23.102050841811884,287,3525854,62324,JUMIRIM,SP,1673,Tarcísio,721,349,580,17,2,2,2,0,0,0,603,36.0,False
-49.38887813273698,-22.952158839477562,645,3533809,67776,ÓLEO,SP,1670,Tarcísio,770,386,493,5,12,1,3,0,0,0,514,30.8,False
-49.61467332115498,-23.194676317218732,604,3554607,71935,TIMBURI,SP,1664,Rodrigo Garcia,553,432,660,2,14,0,2,1,0,0,679,40.8,False
-50.67531361874043,-20.36546825439669,558,3549003,70815,SÃO FRANCISCO,SP,1648,Tarcísio,674,512,441,7,7,1,1,5,0,0,462,28.0,False
-50.90977010362928,-20.068028837114095,510,3546108,70238,SANTA CLARA D'OESTE,SP,1627,Tarcísio,673,363,584,1,5,0,1,0,0,0,591,36.3,False
-51.19968310329794,-22.595971765808326,356,3532157,62340,NANTES,SP,1619,Fernando Haddad,543,616,450,2,4,3,1,0,0,0,460,28.4,False
-50.43417233964612,-21.764957565759126,32,3503356,62065,ARCO-ÍRIS,SP,1602,Tarcísio,658,307,623,9,2,0,0,1,0,2,637,39.8,False
-49.7535278891363,-20.17599127362907,444,3540309,69078,PONTES GESTAL,SP,1596,Tarcísio,789,510,282,3,8,3,1,0,0,0,297,18.6,False
-48.991360990714455,-22.682688302543085,76,3507456,61026,BOREBI,SP,1563,Rodrigo Garcia,557,368,630,1,5,0,0,1,0,1,638,40.8,False
-50.76936245775904,-22.738380152317994,140,3513306,63673,CRUZÁLIA,SP,1562,Rodrigo Garcia,585,351,611,10,3,2,0,0,0,0,626,40.1,False
-48.39827830300709,-21.069487927622703,592,3553658,62260,TAQUARAL,SP,1561,Tarcísio,590,395,563,1,6,5,1,0,0,0,576,36.9,False
-50.53038872336087,-20.122143950217843,152,3514205,63851,DOLCINÓPOLIS,SP,1558,Fernando Haddad,460,810,280,4,2,0,2,0,0,0,288,18.5,False
-50.383676402169506,-20.41005931744384,566,3549201,70858,SÃO JOÃO DAS DUAS PONTES,SP,1553,Fernando Haddad,451,566,521,6,6,1,2,0,0,0,536,34.5,False
-49.55293381324309,-22.475809019350887,305,3527504,66516,LUCIANÓPOLIS,SP,1509,Fernando Haddad,507,633,355,2,6,2,3,0,0,1,369,24.5,False
-50.860579430944924,-21.331108796292284,62,3506201,62235,BENTO DE ABREU,SP,1507,Tarcísio,720,463,311,7,5,1,0,0,0,0,324,21.5,False
-50.99198683822816,-21.868875229825978,496,3544707,69957,SAGRES,SP,1461,Rodrigo Garcia,407,366,673,3,9,2,1,0,0,0,688,47.1,False
-47.43793338630988,-21.27608040255858,512,3546256,62189,SANTA CRUZ DA ESPERANÇA,SP,1432,Tarcísio,648,457,308,12,6,1,0,0,0,0,327,22.8,False
-51.67278192272755,-21.219301553169498,568,3549300,70874,SÃO JOÃO DO PAU D'ALHO,SP,1423,Fernando Haddad,552,629,217,14,6,4,1,0,0,0,242,17.0,False
-50.72850150063576,-20.178866942489623,39,3503950,61522,ASPÁSIA,SP,1383,Tarcísio,517,459,398,5,1,0,0,3,0,0,407,29.4,False
-50.23609502389285,-20.951193211336392,303,3527256,62022,LOURDES,SP,1378,Tarcísio,521,335,507,6,6,0,3,0,0,0,522,37.9,False
-50.078866946388644,-20.861024997053317,351,3531001,67210,MONÇÕES,SP,1376,Tarcísio,617,395,350,6,4,3,0,1,0,0,364,26.5,False
-51.58242761870934,-21.778521085480396,482,3543238,62421,RIBEIRÃO DOS ÍNDIOS,SP,1353,Fernando Haddad,425,633,284,6,3,1,1,0,0,0,295,21.8,False
-49.30292664962139,-22.568874977412303,405,3536570,62405,PAULISTÂNIA,SP,1333,Rodrigo Garcia,448,242,632,1,9,1,0,0,0,0,643,48.2,False
-50.91016013545098,-20.36998274391753,365,3532843,61425,NOVA CANAÃ PAULISTA,SP,1312,Rodrigo Garcia,435,411,457,0,3,2,4,0,0,0,466,35.5,False
-51.65082688226325,-21.323513920634333,369,3533106,67636,NOVA GUATAPORANGA,SP,1300,Tarcísio,552,550,193,1,3,0,1,0,0,0,198,15.2,False
-50.71998861648966,-20.25867295569624,525,3547650,62200,SANTA SALETE,SP,1275,Tarcísio,763,331,171,5,3,1,1,0,0,0,181,14.2,False
-50.833354736479656,-20.47681767786784,321,3529104,66834,MARINÓPOLIS,SP,1261,Tarcísio,490,349,408,5,5,1,3,0,0,0,422,33.5,False
-50.61694145419629,-19.95728562705058,329,3529658,61964,MESÓPOLIS,SP,1257,Tarcísio,575,386,290,1,4,0,0,0,0,1,296,23.5,False
-50.3460987151466,-20.069345369129646,196,3518008,64610,GUARANI D'OESTE,SP,1256,Fernando Haddad,399,488,357,6,3,2,0,0,0,1,369,29.4,False
-50.45810150627224,-20.082415697665816,614,3555307,72079,TURMALINA,SP,1250,Fernando Haddad,429,468,347,2,4,0,0,0,0,0,353,28.2,False
-50.35401448168802,-20.52022214185275,567,3549250,61883,SÃO JOÃO DE IRACEMA,SP,1237,Rodrigo Garcia,321,392,516,3,1,1,2,0,1,0,524,42.4,False
-50.48465707386923,-20.191929271729457,633,3556958,62227,VITÓRIA BRASIL,SP,1203,Tarcísio,443,326,423,3,5,2,1,0,0,0,434,36.1,False
-48.34671534273534,-22.03175332106228,607,3554755,62448,TRABIJU,SP,1200,Rodrigo Garcia,240,270,682,0,7,0,0,1,0,0,690,57.5,False
-50.625331913618666,-20.445235340538968,148,3513850,61123,DIRCE REIS,SP,1198,Rodrigo Garcia,378,368,444,2,5,0,1,0,0,0,452,37.7,False
-50.11117681634951,-20.941757349431832,613,3555208,72052,TURIÚBA,SP,1188,Tarcísio,552,251,373,6,2,2,2,0,0,0,385,32.4,False
-49.88365117209305,-20.88573239169471,619,3555703,72150,UNIÃO PAULISTA,SP,1135,Rodrigo Garcia,405,211,515,2,2,0,0,0,0,0,519,45.7,False
-50.79600241844795,-20.259638342580512,526,3547205,70459,SANTANA DA PONTE PENSA,SP,1105,Tarcísio,480,291,332,1,0,0,0,1,0,0,334,30.2,False
-49.29743328894772,-21.768504466193402,620,3555901,72192,URU,SP,1103,Tarcísio,492,214,387,5,3,0,0,2,0,0,397,36.0,False
-49.541385085756595,-22.36368748579848,175,3515657,62286,FERNÃO,SP,1051,Tarcísio,566,262,216,3,3,1,0,0,0,0,223,21.2,False
-51.373707957003006,-21.700046868668643,177,3515806,64173,FLORA RICA,SP,1042,Tarcísio,460,408,163,3,6,0,2,0,0,0,174,16.7,False
-49.334191348746096,-21.8922709718453,47,3504701,61930,BALBINOS,SP,1015,Tarcísio,399,229,381,1,3,2,0,0,0,0,387,38.1,False
-51.07545357063458,-21.838013169975515,452,3540853,62120,PRACINHA,SP,1010,Rodrigo Garcia,379,240,384,1,6,0,0,0,0,0,391,38.7,False
-50.342462351913284,-20.777968157244228,366,3532868,62367,NOVA CASTILHO,SP,929,Rodrigo Garcia,358,187,376,3,2,1,1,1,0,0,384,41.3,False
-50.501157032390516,-22.24440138256156,77,3507209,62430,BORÁ,SP,769,Tarcísio,311,194,259,0,5,0,0,0,0,0,264,34.3,False
