RANK,MUNICÍPIO,TOTAL,VENCEDOR,Tarcísio,Fernando Haddad,Rodrigo Garcia,Vinicius Poit,Elvis Cezar,Carol Vigliar,Gabriel Colombo,Altino,Antonio Jorge,Edson Dorta
1,Adamantina,18091,Tarcísio,11940,3337,2496,149,104,25,23,7,5,5
2,Adolfo,2890,Tarcísio,1353,561,956,5,12,2,1,0,0,0
3,Aguaí,15135,Tarcísio,6903,4396,3572,102,94,25,32,7,2,2
4,Agudos,20194,Tarcísio,9896,4377,5508,219,122,38,25,5,4,0
5,Alambari,3531,Tarcísio,1538,810,1158,10,13,0,2,0,0,0
6,Alfredo Marcondes,2909,Tarcísio,1468,888,536,6,10,0,0,1,0,0
7,Altair,2169,Rodrigo Garcia,727,586,844,6,4,2,0,0,0,0
8,Altinópolis,8410,Tarcísio,3088,2726,2456,56,67,5,9,2,0,1
9,Alto Alegre,2452,Tarcísio,1410,626,397,11,5,1,1,0,0,1
10,Alumínio,9828,Tarcísio,4047,3445,2052,79,114,63,19,3,5,1
11,Alvinlândia,1857,Tarcísio,753,631,460,4,6,0,1,1,1,0
12,Americana,126127,Tarcísio,71780,32746,17186,2127,1390,498,283,35,57,25
13,Amparo,36697,Tarcísio,19964,8751,7033,462,269,114,67,19,13,5
14,Américo Brasiliense,18793,Fernando Haddad,6330,8393,3722,136,129,45,24,8,5,1
15,Américo de Campos,3589,Tarcísio,1828,875,852,17,11,4,1,1,0,0
16,Analândia,2794,Tarcísio,1586,593,535,23,46,6,3,2,0,0
17,Andradina,29641,Tarcísio,15438,8372,5347,209,184,43,22,9,10,7
18,Angatuba,11999,Tarcísio,6114,4125,1583,78,57,23,7,6,5,1
19,Anhembi,3539,Tarcísio,1813,1019,654,19,25,4,4,0,1,0
20,Anhumas,2464,Tarcísio,966,685,803,2,6,1,0,1,0,0
21,Aparecida,20125,Tarcísio,10437,5296,3813,283,179,51,32,12,17,5
22,Aparecida D'Oeste,2743,Tarcísio,1051,903,777,5,5,0,1,0,0,1
23,Apiaí,12537,Fernando Haddad,4564,4676,3106,56,91,21,13,4,6,0
24,Aramina,3039,Tarcísio,1251,1049,692,21,17,5,3,0,0,1
25,Arandu,3725,Tarcísio,1847,1127,697,13,28,4,5,3,0,1
26,Arapeí,1693,Rodrigo Garcia,491,552,639,0,11,0,0,0,0,0
27,Araraquara,117255,Fernando Haddad,47331,50395,15708,2001,937,421,257,92,57,56
28,Araras,67630,Tarcísio,36517,15990,13320,918,458,218,135,29,26,19
29,Araçariguama,11174,Tarcísio,4572,3315,2510,75,642,36,13,8,2,1
30,Araçatuba,106402,Tarcísio,60654,23443,20194,1192,477,234,142,25,30,11
31,Araçoiaba da Serra,17256,Tarcísio,9235,4520,3088,182,143,54,26,5,3,0
32,Arco-Íris,1602,Tarcísio,658,307,623,9,2,0,0,1,0,2
33,Arealva,4217,Tarcísio,2323,1171,665,26,25,3,4,0,0,0
34,Areias,2453,Fernando Haddad,637,924,861,14,10,4,2,0,1,0
35,Areiópolis,5614,Tarcísio,2410,1751,1364,37,32,11,7,1,0,1
36,Ariranha,4636,Tarcísio,2106,1063,1413,21,19,5,5,2,0,2
37,Artur Nogueira,26903,Tarcísio,12942,7146,6360,212,149,57,22,6,7,2
38,Arujá,47904,Tarcísio,21088,16770,8302,834,544,206,114,19,19,8
39,Aspásia,1383,Tarcísio,517,459,398,5,1,0,0,3,0,0
40,Assis,49647,Tarcísio,25835,15547,7086,563,410,93,83,10,15,5
41,Atibaia,77921,Tarcísio,39779,20220,14962,1595,693,353,198,56,51,14
42,Auriflama,7915,Tarcísio,4693,2015,1151,22,19,7,6,1,0,1
43,Avanhandava,5270,Tarcísio,1912,1872,1435,19,20,5,3,1,2,1
44,Avaré,42974,Tarcísio,23350,12681,5961,456,326,119,47,12,17,5
45,Avaí,2868,Rodrigo Garcia,879,975,998,6,6,3,1,0,0,0
46,Bady Bassitt,10198,Tarcísio,5910,2264,1812,115,61,19,16,0,0,1
47,Balbinos,1015,Tarcísio,399,229,381,1,3,2,0,0,0,0
48,Bananal,5852,Fernando Haddad,1903,2093,1793,19,28,4,8,2,1,1
49,Barbosa,3661,Rodrigo Garcia,1266,885,1487,5,12,4,1,0,1,0
50,Bariri,15924,Tarcísio,9713,3117,2768,179,94,25,20,1,7,0
51,Barra Bonita,19955,Tarcísio,10543,5170,3764,216,136,60,48,5,9,4
52,Barra do Chapéu,3201,Rodrigo Garcia,675,1095,1404,1,13,5,5,1,1,1
53,Barra do Turvo,4167,Fernando Haddad,1224,1664,1250,4,23,0,2,0,0,0
54,Barretos,57535,Tarcísio,29602,15616,11025,610,408,136,72,23,42,1
55,Barrinha,16071,Fernando Haddad,6695,6933,2013,148,212,33,21,13,2,1
56,Barueri,195098,Tarcísio,69837,66520,37265,3106,17083,739,346,101,77,24
57,Barão de Antonina,1817,Tarcísio,720,614,459,10,12,0,1,0,0,1
58,Bastos,11908,Tarcísio,7027,2056,2642,79,73,11,12,4,3,1
59,Batatais,28841,Tarcísio,12902,10037,5129,398,219,94,44,7,9,2
60,Bauru,187476,Tarcísio,95526,57921,28073,2999,1492,671,551,104,94,45
61,Bebedouro,38595,Tarcísio,21197,8299,8423,293,212,95,44,15,13,4
62,Bento de Abreu,1507,Tarcísio,720,463,311,7,5,1,0,0,0,0
63,Bernardino de Campos,5484,Tarcísio,2650,1601,1143,32,33,12,9,2,1,1
64,Bertioga,31828,Tarcísio,15689,10602,4820,299,236,100,44,17,18,3
65,Bilac,4492,Tarcísio,2402,956,1082,27,12,6,4,1,2,0
66,Birigui,58807,Tarcísio,38323,12309,7070,576,304,118,68,20,15,4
67,Biritiba Mirim,15601,Tarcísio,6217,4283,4741,157,118,40,21,7,14,3
68,Boa Esperança do Sul,7146,Fernando Haddad,1877,2882,2331,18,29,1,5,1,2,0
69,Bocaina,6025,Tarcísio,2897,1229,1812,40,31,3,8,3,2,0
70,Bofete,5283,Tarcísio,2149,1432,1556,32,106,3,4,0,0,1
71,Boituva,30433,Tarcísio,15126,7320,7354,206,230,108,63,7,16,3
72,Bom Jesus dos Perdões,12056,Tarcísio,5906,3475,2281,172,121,40,35,8,8,10
73,Bom Sucesso de Itararé,2375,Fernando Haddad,898,1101,355,5,10,4,0,0,2,0
74,Boracéia,2701,Tarcísio,1303,635,730,17,14,0,1,1,0,0
75,Borborema,7660,Tarcísio,4107,1527,1912,40,55,8,8,1,1,1
76,Borebi,1563,Rodrigo Garcia,557,368,630,1,5,0,0,1,0,1
77,Borá,769,Tarcísio,311,194,259,0,5,0,0,0,0,0
78,Botucatu,73798,Tarcísio,32374,23143,15757,999,947,268,205,54,37,14
79,Bragança Paulista,89487,Tarcísio,44667,19482,22748,1417,631,266,178,35,49,14
80,Braúna,3106,Tarcísio,1809,628,654,3,4,2,5,0,0,1
81,Brejo Alegre,1770,Fernando Haddad,605,764,387,6,5,2,1,0,0,0
82,Brodowski,12043,Tarcísio,6901,3082,1803,117,77,26,24,6,7,0
83,Brotas,11842,Tarcísio,6741,2453,2405,118,65,20,28,2,8,2
84,Buri,10390,Tarcísio,5664,3404,1216,40,45,13,6,1,1,0
85,Buritama,8781,Tarcísio,4810,2440,1425,39,40,11,5,7,3,1
86,Buritizal,2652,Tarcísio,1717,519,392,11,9,2,1,1,0,0
87,Bálsamo,5383,Rodrigo Garcia,2260,799,2265,27,20,5,7,0,0,0
88,Cabreúva,23434,Tarcísio,11865,6503,4496,219,222,73,35,6,10,5
89,Cabrália Paulista,2292,Tarcísio,934,863,465,6,9,1,9,3,0,2
90,Cachoeira Paulista,17029,Tarcísio,8140,5550,2945,182,115,41,28,6,16,6
91,Caconde,9258,Tarcísio,3418,2958,2773,59,28,5,6,3,8,0
92,Cafelândia,8653,Tarcísio,3797,2178,2553,50,48,17,6,0,4,0
93,Caiabu,2577,Rodrigo Garcia,736,623,1201,0,14,3,0,0,0,0
94,Caieiras,48681,Fernando Haddad,18596,19307,8970,696,759,196,94,31,23,9
95,Caiuá,2698,Fernando Haddad,797,1197,682,3,17,1,1,0,0,0
96,Cajamar,45905,Tarcísio,17098,16769,4792,595,6358,159,87,21,13,13
97,Cajati,15031,Tarcísio,8783,3994,2072,65,83,19,10,0,5,0
98,Cajobi,5361,Tarcísio,2318,1196,1782,29,23,4,7,1,1,0
99,Cajuru,12026,Tarcísio,5090,4760,1931,107,89,19,15,9,4,2
100,Campina do Monte Alegre,3438,Tarcísio,1604,1007,794,10,12,8,2,0,1,0
101,Campinas,594043,Tarcísio,274044,218272,79146,12085,5234,2613,1618,372,247,412
102,Campo Limpo Paulista,40826,Tarcísio,18602,14130,6743,607,456,172,61,24,17,14
103,Campos Novos Paulista,2603,Tarcísio,1375,711,499,7,5,6,0,0,0,0
104,Campos do Jordão,23918,Tarcísio,11619,6194,5016,468,445,88,52,24,11,1
105,Cananéia,6818,Tarcísio,3075,2115,1530,39,37,13,4,5,0,0
106,Canas,2723,Tarcísio,1247,652,771,15,26,8,2,1,1,0
107,Canitar,2745,Tarcísio,1076,983,655,5,21,1,4,0,0,0
108,Capela do Alto,10118,Tarcísio,4447,2159,3336,49,106,11,6,1,1,2
109,Capivari,26236,Tarcísio,15487,6210,3927,260,189,88,43,10,17,5
110,Capão Bonito,23583,Tarcísio,10355,6490,6354,162,130,41,28,6,14,3
111,Caraguatatuba,69991,Tarcísio,32141,20239,15752,896,504,230,128,52,46,3
112,Carapicuíba,199471,Fernando Haddad,60782,85026,43268,2419,6751,678,334,110,64,39
113,Cardoso,6186,Tarcísio,2713,2162,1255,16,29,3,5,1,2,0
114,Casa Branca,12799,Tarcísio,7461,3469,1605,112,81,32,24,7,6,2
115,Castilho,10405,Fernando Haddad,3491,4778,1959,47,86,12,7,8,8,9
116,Catanduva,59977,Tarcísio,34039,15124,9466,667,395,144,105,14,15,8
117,Catiguá,3934,Tarcísio,1963,911,1015,19,14,7,4,1,0,0
118,Caçapava,50569,Tarcísio,27014,12178,9755,866,386,155,106,42,58,9
119,Cedral,5415,Tarcísio,3103,1029,1221,23,28,3,6,0,1,1
120,Cerqueira César,9786,Tarcísio,4550,2981,2054,65,82,27,15,1,6,5
121,Cerquilho,24064,Tarcísio,14560,4882,4073,268,155,74,31,7,7,7
122,Cesário Lange,8567,Tarcísio,4931,1900,1542,47,121,9,11,1,2,3
123,Charqueada,9038,Tarcísio,5258,1933,1698,51,50,19,20,2,6,1
124,Chavantes,6355,Tarcísio,3192,1842,1218,36,34,16,10,7,0,0
125,Clementina,3835,Tarcísio,2121,1005,664,19,9,9,4,0,3,1
126,Colina,9680,Tarcísio,3522,2904,3142,45,47,9,6,1,3,1
127,Colômbia,3806,Tarcísio,1406,1194,1174,12,14,4,1,1,0,0
128,Conchal,14757,Tarcísio,9461,2951,2120,88,81,26,20,3,5,2
129,Conchas,8515,Tarcísio,4872,1968,1533,56,60,20,4,1,1,0
130,Cordeirópolis,13488,Tarcísio,7193,3764,2226,147,86,35,25,5,4,3
131,Coroados,2999,Tarcísio,1613,759,604,5,15,2,0,0,1,0
132,Coronel Macedo,2801,Fernando Haddad,854,1409,505,6,24,0,1,1,1,0
133,Corumbataí,2359,Tarcísio,1151,420,759,7,11,3,5,3,0,0
134,Cosmorama,5049,Tarcísio,2449,1381,1180,19,11,3,4,2,0,0
135,Cosmópolis,29773,Tarcísio,14360,10561,4149,271,261,92,48,13,7,11
136,Cotia,127253,Fernando Haddad,46072,50338,25098,2422,2166,680,302,84,66,25
137,Cravinhos,17689,Tarcísio,7735,3507,6107,159,98,53,20,3,5,2
138,Cristais Paulista,5092,Tarcísio,2403,1554,1055,50,13,10,3,3,1,0
139,Cruzeiro,39758,Tarcísio,15581,8686,14622,434,220,94,73,14,29,5
140,Cruzália,1562,Rodrigo Garcia,585,351,611,10,3,2,0,0,0,0
141,Cubatão,65406,Fernando Haddad,24880,27650,11238,666,624,197,100,24,19,8
142,Cunha,12256,Tarcísio,5240,4180,2663,87,55,11,12,2,5,1
143,Cássia dos Coqueiros,1754,Tarcísio,601,549,572,10,15,3,3,0,0,1
144,Cândido Mota,16055,Tarcísio,8913,3889,3012,105,86,25,20,2,1,2
145,Cândido Rodrigues,1749,Tarcísio,725,361,652,3,7,0,1,0,0,0
146,Descalvado,15526,Tarcísio,8112,3375,3695,149,123,39,22,4,6,1
147,Diadema,229590,Fernando Haddad,65369,124083,31688,4037,2383,1353,398,162,79,38
148,Dirce Reis,1198,Rodrigo Garcia,378,368,444,2,5,0,1,0,0,0
149,Divinolândia,6235,Tarcísio,2975,1470,1680,41,46,7,10,2,0,4
150,Dobrada,4391,Fernando Haddad,1207,1769,1369,16,18,4,6,1,0,1
151,Dois Córregos,12478,Tarcísio,6307,2802,3203,58,61,21,15,4,7,0
152,Dolcinópolis,1558,Fernando Haddad,460,810,280,4,2,0,2,0,0,0
153,Dourado,4423,Tarcísio,1662,1120,1576,25,24,2,10,0,2,2
154,Dracena,23909,Tarcísio,14873,5217,3495,175,95,28,12,7,5,2
155,Duartina,7042,Tarcísio,3300,2254,1390,44,34,15,4,0,0,1
156,Dumont,4822,Tarcísio,2663,1255,838,23,30,2,8,1,2,0
157,Echaporã,3549,Tarcísio,1634,975,905,21,6,7,0,0,1,0
158,Eldorado,7473,Tarcísio,3328,3108,940,32,39,18,1,3,2,2
159,Elias Fausto,9134,Tarcísio,5114,2182,1667,58,65,26,16,4,2,0
160,Elisiário,1939,Tarcísio,907,428,594,3,6,0,1,0,0,0
161,Embaúba,1736,Rodrigo Garcia,561,360,802,6,5,0,1,1,0,0
162,Embu das Artes,137241,Fernando Haddad,47097,66275,19023,2033,1772,514,291,122,64,50
163,Embu-Guaçu,35251,Fernando Haddad,11671,14525,7868,565,382,125,62,28,15,10
164,Emilianópolis,1952,Tarcísio,792,741,407,5,7,0,0,0,0,0
165,Engenheiro Coelho,10240,Tarcísio,5678,3012,1339,102,59,39,6,1,4,0
166,Espírito Santo do Pinhal,21295,Tarcísio,10155,5477,5238,219,124,43,28,7,1,3
167,Espírito Santo do Turvo,2356,Fernando Haddad,785,885,661,4,14,4,2,1,0,0
168,Estiva Gerbi,6556,Tarcísio,3278,1549,1592,72,27,19,11,5,0,3
169,Estrela D'Oeste,4758,Tarcísio,2600,1010,1103,16,22,1,3,2,1,0
170,Estrela do Norte,1835,Fernando Haddad,604,639,574,8,8,0,2,0,0,0
171,Euclides da Cunha Paulista,4448,Fernando Haddad,994,2309,1112,8,20,1,2,0,0,2
172,Fartura,8843,Tarcísio,3297,3105,2335,27,43,24,8,3,0,1
173,Fernando Prestes,3419,Tarcísio,1406,794,1184,12,13,5,2,2,1,0
174,Fernandópolis,35115,Tarcísio,18122,9781,6681,259,150,75,22,12,9,4
175,Fernão,1051,Tarcísio,566,262,216,3,3,1,0,0,0,0
176,Ferraz de Vasconcelos,88518,Fernando Haddad,27796,42453,15477,1084,1128,332,124,65,43,16
177,Flora Rica,1042,Tarcísio,460,408,163,3,6,0,2,0,0,0
178,Floreal,1914,Tarcísio,716,633,547,4,11,1,2,0,0,0
179,Florínea,1906,Fernando Haddad,658,690,537,10,11,0,0,0,0,0
180,Flórida Paulista,5374,Tarcísio,2988,1485,842,19,23,13,1,2,1,0
181,Franca,170130,Tarcísio,88354,49177,28442,2303,941,484,272,58,72,27
182,Francisco Morato,84497,Fernando Haddad,25006,46084,10902,686,1274,293,138,64,38,12
183,Franco da Rocha,68339,Fernando Haddad,23080,34898,8209,728,937,250,122,64,33,18
184,Gabriel Monteiro,1877,Tarcísio,932,303,615,15,7,1,2,1,1,0
185,Garça,22464,Tarcísio,13078,5560,3318,253,154,45,36,15,1,4
186,Gastão Vidigal,2090,Fernando Haddad,649,902,520,5,10,1,2,1,0,0
187,Gavião Peixoto,2791,Fernando Haddad,770,1082,873,16,37,7,4,2,0,0
188,General Salgado,5772,Tarcísio,2815,1487,1408,35,15,8,3,1,0,0
189,Getulina,4850,Tarcísio,2004,1457,1340,22,18,3,4,0,2,0
190,Glicério,2639,Tarcísio,1321,932,353,15,14,4,0,0,0,0
191,Guaimbê,3197,Rodrigo Garcia,962,790,1424,6,10,1,2,0,2,0
192,Guaiçara,5455,Tarcísio,2492,1525,1375,29,18,8,4,1,2,1
193,Guapiara,9659,Fernando Haddad,3264,5121,1166,25,67,3,6,2,4,1
194,Guapiaçu,10507,Tarcísio,5220,2509,2649,47,51,17,12,2,0,0
195,Guaraci,5868,Rodrigo Garcia,1440,1508,2884,20,12,1,2,1,0,0
196,Guarani D'Oeste,1256,Fernando Haddad,399,488,357,6,3,2,0,0,0,1
197,Guarantã,3359,Tarcísio,1624,953,742,12,20,4,2,0,2,0
198,Guararapes,16525,Tarcísio,9584,4116,2580,140,68,17,12,3,4,1
199,Guararema,17429,Tarcísio,7761,3975,5316,170,97,39,22,7,7,35
200,Guaratinguetá,66296,Tarcísio,36094,16907,11553,860,493,206,106,29,41,7
201,Guaraçaí,4367,Tarcísio,2486,1253,575,24,23,3,2,1,0,0
202,Guareí,6053,Tarcísio,3086,1608,1251,28,45,17,13,5,0,0
203,Guariba,20018,Tarcísio,7839,6755,5104,143,114,38,17,6,1,1
204,Guarujá,159581,Tarcísio,78605,56251,19812,2117,1722,611,279,95,63,26
205,Guarulhos,639392,Tarcísio,261531,251353,100998,10417,9602,2975,1438,480,462,136
206,Guará,10142,Fernando Haddad,3356,3706,2941,49,54,17,8,7,2,2
207,Guatapará,3939,Fernando Haddad,1400,1819,642,27,41,4,6,0,0,0
208,Guaíra,18240,Tarcísio,9436,5453,3075,134,89,32,14,3,3,1
209,Guzolândia,2465,Fernando Haddad,849,936,661,4,10,2,2,1,0,0
210,Gália,3497,Fernando Haddad,1129,1310,1019,12,22,1,2,2,0,0
211,Herculândia,4839,Tarcísio,2527,1515,743,14,25,7,2,2,4,0
212,Holambra,9036,Tarcísio,4237,1685,2935,114,35,18,9,2,1,0
213,Hortolândia,114695,Tarcísio,50845,46501,14248,1434,896,382,224,61,44,60
214,Iacanga,5990,Tarcísio,2880,1356,1682,34,31,3,2,1,1,0
215,Iacri,3435,Tarcísio,1889,821,676,31,14,1,0,1,1,1
216,Iaras,2804,Fernando Haddad,960,1398,414,8,16,2,4,2,0,0
217,Ibaté,16076,Tarcísio,6703,6414,2547,179,141,44,32,3,9,4
218,Ibirarema,3548,Tarcísio,2073,743,699,14,12,2,3,2,0,0
219,Ibirá,6312,Tarcísio,3680,1272,1266,45,29,12,2,4,2,0
220,Ibitinga,28521,Tarcísio,15676,7806,4507,237,184,57,29,11,8,6
221,Ibiúna,39636,Tarcísio,19066,9853,9308,404,783,123,62,23,13,1
222,Icém,4406,Tarcísio,1616,1346,1398,24,12,8,1,1,0,0
223,Iepê,4543,Tarcísio,2301,1431,762,19,20,4,4,1,1,0
224,Igarapava,13035,Tarcísio,5168,4717,2894,103,95,33,13,5,4,3
225,Igaratá,6134,Tarcísio,2979,1518,1507,48,51,18,6,5,2,0
226,Igaraçu do Tietê,11675,Tarcísio,5346,3578,2473,99,126,26,16,7,3,1
227,Iguape,14828,Tarcísio,6682,4587,3356,62,75,34,21,10,1,0
228,Ilha Comprida,7847,Tarcísio,3146,2356,2204,62,50,15,8,1,1,4
229,Ilha Solteira,13359,Tarcísio,5993,4501,2516,136,123,48,31,3,8,0
230,Ilhabela,19654,Tarcísio,9842,6404,2793,258,204,87,42,7,14,3
231,Indaiatuba,130375,Tarcísio,66999,33996,24818,2208,1271,648,263,70,68,34
232,Indiana,2936,Tarcísio,1538,774,575,25,16,5,2,1,0,0
233,Indiaporã,2247,Tarcísio,817,801,612,7,9,0,0,1,0,0
234,Inúbia Paulista,2217,Tarcísio,1286,359,552,12,6,0,1,0,1,0
235,Ipaussu,7221,Tarcísio,3167,1564,2388,41,35,8,13,4,1,0
236,Iperó,14501,Rodrigo Garcia,4155,4238,5913,59,80,22,15,4,15,0
237,Ipeúna,3873,Tarcísio,2349,844,624,20,20,5,9,1,1,0
238,Ipiguá,3040,Tarcísio,1431,564,1019,8,10,3,3,1,1,0
239,Iporanga,2184,Fernando Haddad,594,949,618,5,11,2,5,0,0,0
240,Ipuã,7945,Fernando Haddad,2870,3149,1842,30,39,9,3,3,0,0
241,Iracemápolis,13017,Tarcísio,8163,3179,1413,118,84,35,19,1,4,1
242,Irapuru,3247,Tarcísio,1606,968,645,12,9,3,3,0,0,1
243,Irapuã,3634,Tarcísio,2153,782,677,9,9,2,2,0,0,0
244,Itaberá,9776,Tarcísio,4593,4230,862,26,50,4,5,1,4,1
245,Itajobi,8770,Tarcísio,4700,1544,2424,42,36,7,12,5,0,0
246,Itaju,2055,Tarcísio,952,531,551,9,9,2,1,0,0,0
247,Itanhaém,52795,Tarcísio,22763,18377,10117,585,501,268,119,18,38,9
248,Itaoca,1987,Fernando Haddad,689,980,299,4,12,2,0,0,1,0
249,Itapecerica da Serra,82152,Fernando Haddad,26273,39959,13194,1138,1001,325,148,63,39,12
250,Itapetininga,77792,Tarcísio,44474,19905,11662,818,531,180,146,44,22,10
251,Itapeva,47074,Tarcísio,23803,13966,8513,333,281,81,64,13,18,2
252,Itapevi,110487,Fernando Haddad,29855,45326,31445,935,2425,263,131,59,29,19
253,Itapira,35931,Tarcísio,19615,8741,6666,478,232,99,71,15,10,4
254,Itapirapuã Paulista,2274,Fernando Haddad,433,1045,782,2,11,0,0,0,1,0
255,Itaporanga,7474,Tarcísio,3396,2403,1589,35,36,8,3,1,2,1
256,Itapura,2304,Fernando Haddad,427,1295,551,9,13,5,3,1,0,0
257,Itapuí,6756,Tarcísio,2745,1788,2134,33,39,6,6,3,2,0
258,Itaquaquecetuba,162668,Fernando Haddad,50761,71148,35946,1695,1999,612,253,128,95,31
259,Itararé,22876,Tarcísio,11773,6621,3994,197,198,54,25,4,4,6
260,Itariri,6180,Tarcísio,3210,1696,1195,25,36,7,6,4,1,0
261,Itatiba,57944,Tarcísio,29392,13122,13224,994,749,271,107,36,34,15
262,Itatinga,9071,Tarcísio,3897,2491,2432,69,136,21,12,3,10,0
263,Itaí,11516,Fernando Haddad,4027,4826,2506,54,70,20,9,3,1,0
264,Itirapina,6762,Tarcísio,3261,2011,1347,67,48,8,15,4,1,0
265,Itirapuã,3400,Fernando Haddad,995,1261,1113,17,10,1,2,1,0,0
266,Itobi,4132,Tarcísio,1717,1499,851,27,24,5,7,1,1,0
267,Itu,84028,Tarcísio,44019,22424,14769,1555,655,344,161,40,40,21
268,Itupeva,30387,Tarcísio,15166,7757,6595,441,249,101,44,18,11,5
269,Ituverava,19035,Tarcísio,9246,5905,3577,160,80,34,20,4,7,2
270,Itápolis,19471,Tarcísio,11955,4641,2515,154,126,46,25,7,2,0
271,Jaborandi,3695,Rodrigo Garcia,1169,1117,1389,5,12,3,0,0,0,0
272,Jaboticabal,35919,Tarcísio,17894,9706,7514,365,234,118,51,18,11,8
273,Jacareí,121557,Tarcísio,59933,35248,22334,2084,1033,412,221,195,80,17
274,Jaci,3912,Tarcísio,1715,862,1298,14,21,0,2,0,0,0
275,Jacupiranga,8630,Tarcísio,4807,2242,1461,56,37,6,11,5,3,2
276,Jaguariúna,30138,Tarcísio,16018,7364,5790,549,219,116,36,16,20,10
277,Jales,25539,Tarcísio,13765,5829,5595,172,109,43,22,4,0,0
278,Jambeiro,3446,Tarcísio,1852,929,568,47,26,14,6,1,2,1
279,Jandira,54454,Fernando Haddad,18197,21721,11377,720,2065,175,112,53,28,6
280,Jardinópolis,18463,Tarcísio,10170,4906,2967,176,155,51,17,12,7,2
281,Jarinu,16839,Tarcísio,8773,4369,3334,125,143,38,34,14,5,4
282,Jaú,70014,Tarcísio,41975,14691,11589,807,501,223,136,57,19,16
283,Jeriquara,2254,Rodrigo Garcia,676,639,904,18,11,6,0,0,0,0
284,Joanópolis,6473,Tarcísio,3658,1510,1158,69,46,22,3,2,3,2
285,José Bonifácio,19089,Tarcísio,9054,4189,5649,75,74,22,17,3,5,1
286,João Ramalho,2386,Tarcísio,1131,740,476,11,21,0,5,0,1,1
287,Jumirim,1673,Tarcísio,721,349,580,17,2,2,2,0,0,0
288,Jundiaí,231665,Tarcísio,113581,62294,46721,5375,1921,991,507,109,112,54
289,Junqueirópolis,9654,Tarcísio,4745,2015,2813,41,19,9,10,0,2,0
290,Juquitiba,15707,Fernando Haddad,5743,5826,3756,105,200,48,15,4,6,4
291,Juquiá,10163,Tarcísio,5366,2982,1672,42,60,25,7,6,2,1
292,Júlio Mesquita,2666,Rodrigo Garcia,727,925,988,14,9,2,1,0,0,0
293,Lagoinha,3748,Rodrigo Garcia,1073,975,1631,23,31,4,6,2,3,0
294,Laranjal Paulista,14367,Tarcísio,8984,2697,2466,100,75,25,6,3,8,3
295,Lavrinhas,4448,Rodrigo Garcia,1228,1119,2042,30,18,3,3,2,3,0
296,Lavínia,2743,Rodrigo Garcia,971,752,995,10,10,1,2,0,2,0
297,Leme,48295,Tarcísio,27506,12962,6736,431,409,115,88,10,23,15
298,Lençóis Paulista,35082,Tarcísio,20563,6376,7418,302,239,85,66,11,16,6
299,Limeira,157678,Tarcísio,102782,34373,16349,2069,1082,529,332,53,83,26
300,Lindóia,4219,Tarcísio,1943,689,1543,22,14,3,4,1,0,0
301,Lins,37289,Tarcísio,23310,7909,5447,290,190,73,40,18,10,2
302,Lorena,43859,Tarcísio,23243,10875,8399,597,465,144,79,24,29,4
303,Lourdes,1378,Tarcísio,521,335,507,6,6,0,3,0,0,0
304,Louveira,26230,Tarcísio,14011,7001,4161,392,523,79,44,6,11,2
305,Lucianópolis,1509,Fernando Haddad,507,633,355,2,6,2,3,0,0,1
306,Lucélia,9092,Tarcísio,4867,2600,1467,75,51,17,10,5,0,0
307,Luiziânia,2698,Tarcísio,1115,834,725,8,10,5,0,1,0,0
308,Lupércio,2383,Tarcísio,956,792,618,9,5,1,2,0,0,0
309,Lutécia,1761,Tarcísio,710,707,327,5,4,6,2,0,0,0
310,Luís Antônio,6609,Tarcísio,2623,2144,1711,41,52,22,7,3,3,3
311,Macatuba,9027,Tarcísio,5190,2047,1654,52,54,18,9,0,2,1
312,Macaubal,4184,Tarcísio,2175,775,1191,25,11,2,3,0,1,1
313,Macedônia,2562,Tarcísio,1005,578,956,11,7,2,1,2,0,0
314,Magda,1950,Tarcísio,864,595,478,3,9,1,0,0,0,0
315,Mairinque,25894,Tarcísio,10665,8840,5401,307,478,119,55,12,14,3
316,Mairiporã,44596,Tarcísio,19780,13153,10555,442,363,146,86,21,27,23
317,Manduri,4893,Tarcísio,2415,1276,1112,30,38,8,10,1,3,0
318,Marabá Paulista,2142,Fernando Haddad,657,1145,314,6,17,2,1,0,0,0
319,Maracaí,7737,Tarcísio,3772,2015,1867,37,25,5,8,3,1,4
320,Marapoama,1912,Tarcísio,1155,332,406,7,9,0,3,0,0,0
321,Marinópolis,1261,Tarcísio,490,349,408,5,5,1,3,0,0,0
322,Mariápolis,2082,Tarcísio,928,660,467,19,7,1,0,0,0,0
323,Martinópolis,12849,Tarcísio,6861,3617,2178,88,68,15,15,5,1,1
324,Marília,121892,Tarcísio,70955,27888,20240,1292,840,311,253,66,30,17
325,Matão,43984,Tarcísio,19909,13588,9609,411,256,105,74,11,14,7
326,Mauá,207459,Fernando Haddad,71637,95057,31865,3763,2620,1767,439,142,117,52
327,Mendonça,3543,Tarcísio,1419,828,1275,8,10,1,1,1,0,0
328,Meridiano,2631,Tarcísio,1018,708,873,11,17,1,1,1,0,1
329,Mesópolis,1257,Tarcísio,575,386,290,1,4,0,0,0,0,1
330,Miguelópolis,10182,Tarcísio,4145,3777,2132,40,60,14,8,4,2,0
331,Mineiros do Tietê,5904,Tarcísio,3258,1399,1103,72,50,8,10,2,1,1
332,Mira Estrela,1869,Tarcísio,707,510,638,5,7,1,1,0,0,0
333,Miracatu,10262,Tarcísio,5687,2771,1690,46,50,8,5,4,1,0
334,Mirandópolis,12244,Tarcísio,7866,2996,1223,67,68,13,6,1,3,1
335,Mirante do Paranapanema,9152,Fernando Haddad,2636,4459,1974,18,57,2,3,2,1,0
336,Mirassol,30584,Tarcísio,17106,7183,5741,292,135,66,42,10,7,2
337,Mirassolândia,3013,Rodrigo Garcia,1002,430,1562,6,7,2,0,1,3,0
338,Mococa,31342,Tarcísio,16957,8412,5335,280,207,65,51,10,18,7
339,Mogi Guaçu,79214,Tarcísio,45171,17068,15391,740,437,214,128,29,21,15
340,Mogi Mirim,46216,Tarcísio,27136,10152,7759,526,385,144,75,15,19,5
341,Mogi das Cruzes,220689,Tarcísio,90039,74996,47448,4054,2218,1116,467,149,152,50
342,Mombuca,2192,Tarcísio,1193,467,502,9,10,1,7,1,0,2
343,Mongaguá,31128,Tarcísio,13495,11578,5241,330,288,118,40,19,17,2
344,Monte Alegre do Sul,4362,Tarcísio,2462,902,899,42,20,24,4,3,4,2
345,Monte Alto,24145,Tarcísio,11824,4669,7206,211,133,47,31,13,6,5
346,Monte Aprazível,11824,Tarcísio,5805,2960,2899,62,55,18,21,3,1,0
347,Monte Azul Paulista,9981,Rodrigo Garcia,3977,1861,4039,39,37,12,12,0,1,3
348,Monte Castelo,2536,Tarcísio,1084,909,518,6,14,1,1,2,0,1
349,Monte Mor,30330,Tarcísio,13427,11690,4471,298,243,108,52,10,21,10
350,Monteiro Lobato,2801,Tarcísio,1049,918,775,35,10,6,4,4,0,0
351,Monções,1376,Tarcísio,617,395,350,6,4,3,0,1,0,0
352,Morro Agudo,13533,Tarcísio,6213,4369,2717,91,96,26,12,3,4,2
353,Morungaba,7232,Tarcísio,3520,1490,2114,39,44,9,4,6,3,3
354,Motuca,2407,Fernando Haddad,933,1102,331,13,16,5,4,0,3,0
355,Murutinga do Sul,2436,Tarcísio,1076,647,700,8,3,1,0,1,0,0
356,Nantes,1619,Fernando Haddad,543,616,450,2,4,3,1,0,0,0
357,Narandiba,3231,Fernando Haddad,1106,1360,743,8,12,1,0,0,1,0
358,Natividade da Serra,3870,Tarcísio,1803,1029,973,25,24,6,3,2,5,0
359,Nazaré Paulista,9489,Tarcísio,3868,2550,2891,57,71,31,11,6,4,0
360,Neves Paulista,5054,Tarcísio,2315,1264,1411,26,25,7,5,1,0,0
361,Nhandeara,5490,Tarcísio,3168,1236,1024,31,19,0,7,4,1,0
362,Nipoã,2576,Tarcísio,1093,693,758,15,10,5,1,1,0,0
363,Nova Aliança,3692,Tarcísio,1723,776,1150,13,12,12,4,2,0,0
364,Nova Campina,5048,Tarcísio,2066,1990,942,19,17,5,7,1,1,0
365,Nova Canaã Paulista,1312,Rodrigo Garcia,435,411,457,0,3,2,4,0,0,0
366,Nova Castilho,929,Rodrigo Garcia,358,187,376,3,2,1,1,1,0,0
367,Nova Europa,5193,Fernando Haddad,1639,2206,1285,30,18,4,7,2,2,0
368,Nova Granada,10412,Tarcísio,4397,3208,2685,41,43,19,15,2,2,0
369,Nova Guataporanga,1300,Tarcísio,552,550,193,1,3,0,1,0,0,0
370,Nova Independência,2302,Tarcísio,1012,790,488,5,3,3,0,0,1,0
371,Nova Luzitânia,2014,Fernando Haddad,565,726,708,12,2,0,1,0,0,0
372,Nova Odessa,33332,Tarcísio,17068,9794,5496,485,279,112,67,9,10,12
373,Novais,2589,Rodrigo Garcia,921,518,1131,7,8,2,2,0,0,0
374,Novo Horizonte,19866,Tarcísio,11201,4590,3845,107,74,25,18,2,3,1
375,Nuporanga,4097,Rodrigo Garcia,1525,954,1570,24,15,3,4,1,1,0
376,Ocauçu,2310,Tarcísio,1005,691,581,11,16,3,2,1,0,0
377,Olímpia,29134,Tarcísio,11940,5504,11379,171,102,20,17,1,0,0
378,Onda Verde,2856,Tarcísio,1145,676,999,12,16,4,4,0,0,0
379,Oriente,3622,Tarcísio,1809,1064,697,17,16,13,1,4,1,0
380,Orindiúva,3587,Rodrigo Garcia,1193,937,1428,18,6,2,1,1,1,0
381,Orlândia,20234,Tarcísio,10323,5964,3490,252,103,51,34,10,6,1
382,Osasco,396063,Fernando Haddad,139041,158797,76688,8319,9553,2006,1021,311,245,82
383,Oscar Bressane,1780,Tarcísio,889,375,495,5,10,1,4,0,1,0
384,Osvaldo Cruz,15835,Tarcísio,9613,3393,2477,236,79,12,12,1,7,5
385,Ourinhos,53336,Tarcísio,27942,15816,8652,361,303,120,80,30,15,17
386,Ouro Verde,4189,Tarcísio,1672,1635,845,11,12,9,4,0,1,0
387,Ouroeste,5248,Tarcísio,2392,1620,1171,19,26,9,7,1,3,0
388,Pacaembu,5527,Tarcísio,2808,1271,1385,23,29,6,3,0,2,0
389,Palestina,6185,Tarcísio,2480,1281,2386,11,16,3,7,0,0,1
390,Palmares Paulista,5431,Tarcísio,2073,1712,1596,20,23,3,4,0,0,0
391,Palmeira D'Oeste,5020,Tarcísio,2449,1452,1070,16,21,8,3,1,0,0
392,Palmital,11648,Tarcísio,5055,2546,3946,46,28,12,10,1,3,1
393,Panorama,7276,Tarcísio,4004,2332,844,43,34,10,3,6,0,0
394,Paraguaçu Paulista,20855,Tarcísio,9872,7225,3371,150,167,27,30,4,4,5
395,Paraibuna,9743,Tarcísio,3940,3770,1788,105,71,37,24,7,1,0
396,Paranapanema,9578,Tarcísio,4510,3677,1286,41,46,6,11,1,0,0
397,Paranapuã,2534,Tarcísio,1045,696,770,13,7,0,1,0,1,1
398,Parapuã,5329,Tarcísio,2728,1513,972,69,31,5,6,2,1,2
399,Paraíso,3107,Tarcísio,1637,780,632,26,26,2,3,0,1,0
400,Pardinho,3813,Tarcísio,1789,1071,877,34,27,6,5,3,1,0
401,Pariquera-Açu,10009,Tarcísio,5970,2360,1538,72,45,9,8,3,3,1
402,Parisi,1961,Tarcísio,758,471,723,4,3,1,1,0,0,0
403,Patrocínio Paulista,7227,Tarcísio,3235,1947,1922,55,42,11,10,2,2,1
404,Paulicéia,3983,Tarcísio,2136,1332,461,8,38,3,1,2,2,0
405,Paulistânia,1333,Rodrigo Garcia,448,242,632,1,9,1,0,0,0,0
406,Paulo de Faria,4306,Rodrigo Garcia,1405,1308,1565,5,11,9,3,0,0,0
407,Paulínia,58522,Tarcísio,29244,19057,8002,1067,550,328,162,40,56,16
408,Pederneiras,23366,Tarcísio,12837,5277,4884,163,134,43,15,6,7,0
409,Pedra Bela,3449,Rodrigo Garcia,1215,725,1437,35,28,3,3,2,1,0
410,Pedranópolis,1733,Tarcísio,654,545,519,6,7,0,1,0,1,0
411,Pedregulho,8361,Fernando Haddad,3159,3490,1608,39,41,8,12,2,2,0
412,Pedreira,22612,Tarcísio,12816,4516,4732,307,145,55,30,6,3,2
413,Pedrinhas Paulista,2031,Tarcísio,917,382,715,7,7,1,2,0,0,0
414,Pedro de Toledo,5174,Tarcísio,1951,1543,1625,14,30,4,6,0,1,0
415,Penápolis,30904,Tarcísio,17942,9045,3387,230,177,70,32,11,6,4
416,Pereira Barreto,12881,Tarcísio,5929,4001,2741,86,66,31,21,4,2,0
417,Pereiras,4389,Tarcísio,1907,1194,1218,32,34,1,2,1,0,0
418,Peruíbe,38364,Tarcísio,17391,11990,8164,311,262,138,59,23,22,4
419,Piacatu,3232,Tarcísio,1673,952,575,14,14,0,3,1,0,0
420,Piedade,27310,Tarcísio,12217,7906,6556,262,239,69,42,9,6,4
421,Pilar do Sul,15471,Tarcísio,8363,4345,2520,89,93,37,19,3,2,0
422,Pindamonhangaba,81668,Tarcísio,39890,22838,16451,1222,612,319,178,45,94,19
423,Pindorama,7433,Tarcísio,4124,1928,1259,58,41,9,12,1,1,0
424,Pinhalzinho,7214,Tarcísio,3940,1775,1333,66,59,23,9,7,1,1
425,Piquerobi,2148,Fernando Haddad,814,925,382,5,20,1,0,1,0,0
426,Piquete,6990,Tarcísio,3348,1485,2005,81,38,17,13,0,2,1
427,Piracaia,14824,Tarcísio,7819,3307,3268,228,107,55,22,12,5,1
428,Piracicaba,205061,Tarcísio,119942,53006,24995,3734,1535,727,845,101,89,87
429,Piraju,15255,Tarcísio,7081,4544,3305,167,99,27,21,7,4,0
430,Pirajuí,10446,Tarcísio,5421,2487,2385,58,60,16,13,4,1,1
431,Pirangi,5562,Tarcísio,3014,1314,1152,30,34,8,8,1,0,1
432,Pirapora do Bom Jesus,9731,Elvis Cezar,2144,2933,913,62,3651,10,13,3,1,1
433,Pirapozinho,14121,Tarcísio,7113,4183,2588,99,80,30,18,7,1,2
434,Pirassununga,38438,Tarcísio,22493,8659,6089,533,410,132,77,20,21,4
435,Piratininga,6903,Tarcísio,3797,1451,1491,78,44,18,16,6,1,1
436,Pitangueiras,17108,Tarcísio,7862,6501,2425,135,120,30,20,12,3,0
437,Planalto,2868,Tarcísio,1080,742,1028,10,4,0,3,1,0,0
438,Platina,1903,Tarcísio,906,502,478,5,8,2,1,1,0,0
439,Poloni,3085,Tarcísio,1490,681,887,14,5,4,3,1,0,0
440,Pompéia,11527,Tarcísio,7484,2539,1309,123,44,11,13,2,1,1
441,Pongaí,2195,Tarcísio,1147,474,559,6,8,0,0,1,0,0
442,Pontal,18878,Tarcísio,8130,6768,3649,135,125,39,13,9,6,4
443,Pontalinda,2162,Fernando Haddad,829,861,448,8,14,0,1,1,0,0
444,Pontes Gestal,1596,Tarcísio,789,510,282,3,8,3,1,0,0,0
445,Populina,2567,Fernando Haddad,864,1179,494,7,11,5,5,0,2,0
446,Porangaba,4793,Tarcísio,2030,1328,1325,23,59,18,6,4,0,0
447,Porto Feliz,27710,Tarcísio,16583,7066,3436,271,192,89,49,11,9,4
448,Porto Ferreira,26884,Tarcísio,14245,5600,6424,285,181,85,28,14,19,3
449,Potim,9001,Tarcísio,4346,2545,1961,63,46,16,12,3,2,7
450,Potirendaba,9370,Tarcísio,5748,2494,1015,44,47,10,3,1,6,2
451,Poá,63666,Fernando Haddad,24030,25697,11416,1049,982,256,138,57,35,6
452,Pracinha,1010,Rodrigo Garcia,379,240,384,1,6,0,0,0,0,0
453,Pradópolis,9310,Tarcísio,4101,2679,2302,91,87,27,15,7,0,1
454,Praia Grande,164757,Tarcísio,80895,54198,24829,2244,1409,636,316,113,81,36
455,Pratânia,3095,Tarcísio,1270,861,926,18,11,4,1,1,2,1
456,Presidente Alves,2440,Tarcísio,1099,657,665,14,3,2,0,0,0,0
457,Presidente Bernardes,7447,Tarcísio,3810,2252,1295,42,32,8,7,0,1,0
458,Presidente Epitácio,19930,Tarcísio,9946,6915,2805,85,125,26,16,4,5,3
459,Presidente Prudente,121111,Tarcísio,71971,28510,18249,1381,543,262,133,27,25,10
460,Presidente Venceslau,19091,Tarcísio,11067,4550,3204,108,108,25,18,8,2,1
461,Promissão,17881,Tarcísio,8770,5734,3145,91,88,32,8,4,6,3
462,Quadra,2538,Rodrigo Garcia,936,538,1037,8,12,5,2,0,0,0
463,Quatá,7033,Tarcísio,3159,1696,2086,35,30,11,15,1,0,0
464,Queiroz,2149,Tarcísio,935,792,408,5,7,0,2,0,0,0
465,Queluz,5133,Rodrigo Garcia,1343,1655,2072,35,22,3,1,0,2,0
466,Quintana,3708,Tarcísio,2032,1194,424,27,23,1,2,1,1,3
467,Rafard,5209,Tarcísio,3016,1197,901,50,26,12,5,1,1,0
468,Rancharia,15879,Tarcísio,7912,5234,2468,114,96,21,23,5,6,0
469,Redenção da Serra,2844,Rodrigo Garcia,858,664,1283,16,14,4,2,1,2,0
470,Regente Feijó,11019,Tarcísio,5197,3067,2591,56,69,20,11,3,4,1
471,Reginópolis,3418,Tarcísio,1924,781,660,17,23,7,3,1,2,0
472,Registro,31253,Tarcísio,16261,9372,5082,234,173,64,38,10,12,7
473,Restinga,4629,Tarcísio,1902,1637,1023,33,22,5,4,3,0,0
474,Ribeira,2139,Fernando Haddad,554,1161,407,5,9,2,0,0,1,0
475,Ribeirão Bonito,5672,Tarcísio,2272,1775,1554,16,38,13,4,0,0,0
476,Ribeirão Branco,10027,Fernando Haddad,3550,4779,1620,19,44,8,4,2,0,1
477,Ribeirão Corrente,3015,Rodrigo Garcia,1151,681,1162,9,4,7,1,0,0,0
478,Ribeirão Grande,4600,Rodrigo Garcia,1072,1719,1756,13,26,7,4,0,3,0
479,Ribeirão Pires,60625,Fernando Haddad,21952,23316,12770,1220,704,408,165,51,32,7
480,Ribeirão Preto,310185,Tarcísio,150509,99818,48876,5899,2647,1288,729,217,135,67
481,Ribeirão do Sul,2835,Fernando Haddad,1176,1230,406,7,13,2,1,0,0,0
482,Ribeirão dos Índios,1353,Fernando Haddad,425,633,284,6,3,1,1,0,0,0
483,Rifaina,3066,Tarcísio,1518,1170,333,20,18,5,1,0,1,0
484,Rincão,4911,Fernando Haddad,1755,2449,647,26,22,6,3,1,2,0
485,Rinópolis,5084,Tarcísio,2847,1019,809,368,25,6,9,0,0,1
486,Rio Claro,102884,Tarcísio,58351,26119,15548,1352,760,383,275,43,29,24
487,Rio Grande da Serra,23103,Fernando Haddad,6819,10388,5172,299,232,118,40,16,13,6
488,Rio das Pedras,16931,Tarcísio,9526,4585,2437,160,112,45,47,13,4,2
489,Riolândia,5073,Fernando Haddad,1863,1970,1208,4,20,3,4,1,0,0
490,Riversul,3201,Rodrigo Garcia,960,1003,1215,4,16,0,2,1,0,0
491,Rosana,9217,Fernando Haddad,3633,4606,855,33,62,13,8,5,0,2
492,Roseira,6073,Tarcísio,2910,1621,1422,67,27,11,10,4,1,0
493,Rubinéia,2178,Tarcísio,1061,568,533,6,5,3,1,0,1,0
494,Rubiácea,1725,Tarcísio,738,457,519,8,2,0,1,0,0,0
495,Sabino,2906,Rodrigo Garcia,995,725,1169,5,8,1,3,0,0,0
496,Sagres,1461,Rodrigo Garcia,407,366,673,3,9,2,1,0,0,0
497,Sales,3573,Tarcísio,1914,589,1044,11,11,0,2,1,1,0
498,Sales Oliveira,5793,Tarcísio,3003,1603,1032,97,41,8,5,1,0,3
499,Salesópolis,10237,Tarcísio,4054,2790,3130,95,103,28,25,4,6,2
500,Salmourão,2706,Tarcísio,1235,715,731,16,8,1,0,0,0,0
501,Saltinho,5070,Tarcísio,3447,652,880,50,26,5,9,0,1,0
502,Salto,65589,Tarcísio,32330,20462,10611,1116,560,283,144,30,37,16
503,Salto Grande,4426,Tarcísio,2187,1342,829,21,33,6,7,1,0,0
504,Salto de Pirapora,20409,Tarcísio,8321,6399,5249,173,169,46,37,7,4,4
505,Sandovalina,2432,Fernando Haddad,692,1418,293,10,17,0,1,1,0,0
506,Santa Adélia,7683,Rodrigo Garcia,2978,1572,3039,54,24,4,9,2,0,1
507,Santa Albertina,3598,Tarcísio,1612,921,1014,11,29,7,3,0,1,0
508,Santa Branca,8094,Tarcísio,3863,2359,1676,97,58,20,10,6,3,2
509,Santa Bárbara D'Oeste,98992,Tarcísio,55354,27006,13581,1387,911,383,215,49,73,33
510,Santa Clara D'Oeste,1627,Tarcísio,673,363,584,1,5,0,1,0,0,0
511,Santa Cruz da Conceição,2893,Tarcísio,1633,601,618,21,8,5,5,2,0,0
512,Santa Cruz da Esperança,1432,Tarcísio,648,457,308,12,6,1,0,0,0,0
513,Santa Cruz das Palmeiras,13893,Tarcísio,6361,4099,3148,118,106,24,25,8,2,2
514,Santa Cruz do Rio Pardo,23295,Tarcísio,14537,4774,3537,205,132,58,37,10,4,1
515,Santa Ernestina,3592,Tarcísio,1535,1255,763,10,9,9,11,0,0,0
516,Santa Fé do Sul,17767,Tarcísio,9803,3725,4028,98,76,12,16,5,2,2
517,Santa Gertrudes,12987,Tarcísio,7471,3344,1863,115,116,41,23,7,5,2
518,Santa Isabel,27737,Tarcísio,13104,8416,5459,283,277,102,61,22,10,3
519,Santa Lúcia,4347,Fernando Haddad,1240,1969,1082,15,34,2,4,0,1,0
520,Santa Maria da Serra,2857,Tarcísio,1337,606,877,13,17,4,1,2,0,0
521,Santa Mercedes,1762,Tarcísio,634,524,590,4,8,1,0,1,0,0
522,Santa Rita D'Oeste,1711,Tarcísio,663,492,531,10,10,2,2,1,0,0
523,Santa Rita do Passa Quatro,13378,Tarcísio,7432,2952,2706,133,95,35,21,1,3,0
524,Santa Rosa de Viterbo,11899,Tarcísio,5153,4136,2356,78,122,26,17,7,4,0
525,Santa Salete,1275,Tarcísio,763,331,171,5,3,1,1,0,0,0
526,Santana da Ponte Pensa,1105,Tarcísio,480,291,332,1,0,0,0,1,0,0
527,Santana de Parnaíba,75135,Elvis Cezar,22733,16262,6037,1132,28687,140,104,23,8,9
528,Santo Anastácio,10385,Tarcísio,5576,3693,970,70,49,12,9,6,0,0
529,Santo André,398688,Fernando Haddad,149338,155087,76111,10505,3771,2399,936,263,182,96
530,Santo Antônio da Alegria,3777,Tarcísio,1512,1295,934,10,18,5,2,0,1,0
531,Santo Antônio de Posse,11339,Tarcísio,5891,2868,2393,80,68,27,8,1,2,1
532,Santo Antônio do Aracanguá,5281,Tarcísio,1890,1615,1749,11,12,2,2,0,0,0
533,Santo Antônio do Jardim,3438,Tarcísio,1574,874,920,40,17,6,4,1,1,1
534,Santo Antônio do Pinhal,4209,Tarcísio,1678,1103,1302,53,37,17,12,1,6,0
535,Santo Expedito,1954,Tarcísio,817,772,341,6,13,1,3,1,0,0
536,Santos,245668,Tarcísio,113552,81488,41502,5132,1913,1144,633,130,121,53
537,Santópolis do Aguapeí,2279,Rodrigo Garcia,658,501,1103,6,9,0,0,0,2,0
538,Sarapuí,5249,Tarcísio,1912,1529,1754,18,22,7,4,1,2,0
539,Sarutaiá,2194,Fernando Haddad,678,882,610,7,12,1,1,2,1,0
540,Sebastianópolis do Sul,2132,Rodrigo Garcia,794,324,994,11,8,0,0,1,0,0
541,Serra Azul,5134,Fernando Haddad,1945,2474,635,21,40,10,7,0,2,0
542,Serra Negra,15509,Tarcísio,7863,3252,4135,141,69,22,17,3,7,0
543,Serrana,22841,Tarcísio,9730,8034,4646,191,146,49,26,7,9,3
544,Sertãozinho,63136,Tarcísio,28816,21740,11146,718,380,177,106,24,13,16
545,Sete Barras,7002,Tarcísio,2873,1991,2059,22,40,8,5,2,0,2
546,Severínia,8407,Rodrigo Garcia,3089,2013,3244,9,31,9,9,2,0,1
547,Silveiras,3715,Tarcísio,1343,1029,1278,33,23,3,2,1,2,1
548,Socorro,20732,Tarcísio,12792,3888,3555,272,123,52,29,11,9,1
549,Sorocaba,360380,Tarcísio,184101,114808,49580,6188,3027,1500,793,169,128,86
550,Sud Mennucci,4271,Tarcísio,1851,1695,705,1,14,1,3,1,0,0
551,Sumaré,132875,Tarcísio,63745,49056,16413,1586,1168,437,271,74,54,71
552,Suzano,151846,Fernando Haddad,55992,58611,32160,2097,1788,649,299,117,103,30
553,Suzanápolis,2058,Rodrigo Garcia,503,760,784,3,6,0,1,1,0,0
554,São Bento do Sapucaí,6194,Tarcísio,2781,1444,1764,112,42,26,11,4,9,1
555,São Bernardo do Campo,447862,Fernando Haddad,144394,200752,83942,11376,3489,2451,864,330,195,69
556,São Caetano do Sul,107926,Tarcísio,47784,30683,23858,3806,761,648,267,73,32,14
557,São Carlos,125811,Tarcísio,51718,48302,21219,2211,1009,568,540,129,92,23
558,São Francisco,1648,Tarcísio,674,512,441,7,7,1,1,5,0,0
559,São Joaquim da Barra,24610,Tarcísio,11096,9553,3431,237,165,61,34,17,11,5
560,São José da Bela Vista,4278,Fernando Haddad,1438,1707,1090,18,21,3,1,0,0,0
561,São José do Barreiro,2741,Rodrigo Garcia,951,758,1010,10,11,1,0,0,0,0
562,São José do Rio Pardo,26392,Tarcísio,13130,7317,5453,230,146,67,30,10,6,3
563,São José do Rio Preto,239043,Tarcísio,129687,53288,50429,3038,1310,627,462,107,67,28
564,São José dos Campos,399491,Tarcísio,213519,116373,55845,8007,2804,1392,827,458,212,54
565,São João da Boa Vista,46935,Tarcísio,24494,11828,9475,632,272,113,84,18,10,9
566,São João das Duas Pontes,1553,Fernando Haddad,451,566,521,6,6,1,2,0,0,0
567,São João de Iracema,1237,Rodrigo Garcia,321,392,516,3,1,1,2,0,1,0
568,São João do Pau D'Alho,1423,Fernando Haddad,552,629,217,14,6,4,1,0,0,0
569,São Lourenço da Serra,8068,Rodrigo Garcia,2408,2538,2970,58,58,18,6,7,3,2
570,São Luís do Paraitinga,7033,Tarcísio,2372,2336,2198,64,39,5,5,3,11,0
571,São Manuel,19462,Tarcísio,9309,5410,4273,195,165,58,25,11,16,0
572,São Miguel Arcanjo,17215,Tarcísio,8138,5307,3426,139,142,35,14,6,6,2
573,São Paulo,6321002,Fernando Haddad,2057965,2804984,1183517,148421,71006,29269,15098,5661,3182,1899
574,São Pedro,17971,Tarcísio,11358,3773,2391,214,133,47,40,4,6,5
575,São Pedro do Turvo,4027,Tarcísio,1613,1386,992,5,19,6,2,1,0,3
576,São Roque,40676,Tarcísio,16236,12468,10651,502,553,158,67,20,19,2
577,São Sebastião,45214,Tarcísio,17953,17315,8865,422,375,167,69,18,24,6
578,São Sebastião da Grama,5794,Tarcísio,2270,1385,2075,26,28,5,3,2,0,0
579,São Simão,7828,Tarcísio,3589,2332,1654,67,131,37,13,4,1,0
580,São Vicente,175267,Tarcísio,77105,64999,28948,1741,1374,589,312,98,87,14
581,Tabapuã,6228,Tarcísio,3430,1352,1353,34,32,14,8,3,2,0
582,Tabatinga,7470,Tarcísio,3231,2396,1763,34,34,1,5,3,2,1
583,Taboão da Serra,150668,Fernando Haddad,47167,71963,25176,2894,2119,791,313,134,82,29
584,Taciba,3857,Fernando Haddad,1404,1486,890,38,33,5,1,0,0,0
585,Taguaí,6449,Tarcísio,3129,1885,1358,17,47,6,3,2,2,0
586,Taiaçu,3250,Rodrigo Garcia,985,997,1245,5,12,3,1,0,2,0
587,Taiúva,3151,Tarcísio,1568,670,866,29,12,2,1,1,1,1
588,Tambaú,10914,Tarcísio,4142,3116,3498,78,51,15,10,3,1,0
589,Tanabi,14451,Tarcísio,6391,2650,5251,53,71,23,7,3,2,0
590,Tapiratiba,6647,Tarcísio,2591,2399,1547,54,36,15,3,2,0,0
591,Tapiraí,4033,Tarcísio,2006,1166,802,24,23,8,4,0,0,0
592,Taquaral,1561,Tarcísio,590,395,563,1,6,5,1,0,0,0
593,Taquaritinga,25924,Tarcísio,11857,7907,5706,202,172,39,24,8,6,3
594,Taquarituba,12031,Tarcísio,5073,4756,2015,62,87,10,21,3,3,1
595,Taquarivaí,3446,Tarcísio,1279,968,1180,5,11,1,1,1,0,0
596,Tarabai,3816,Fernando Haddad,1387,1649,733,25,14,3,1,0,3,1
597,Tarumã,8480,Tarcísio,3423,1992,2966,44,42,3,10,0,0,0
598,Tatuí,58620,Tarcísio,31129,14598,11634,580,366,194,82,14,12,11
599,Taubaté,161156,Tarcísio,86469,39527,28998,3371,1276,665,372,60,389,29
600,Tejupá,2540,Fernando Haddad,738,1070,700,5,18,2,1,0,2,4
601,Teodoro Sampaio,11980,Fernando Haddad,4363,5371,2094,53,73,14,9,1,0,2
602,Terra Roxa,4301,Tarcísio,1829,1489,906,43,25,4,4,1,0,0
603,Tietê,20513,Tarcísio,12063,4443,3514,224,153,64,38,6,8,0
604,Timburi,1664,Rodrigo Garcia,553,432,660,2,14,0,2,1,0,0
605,Torre de Pedra,1732,Tarcísio,784,355,554,18,17,1,2,0,1,0
606,Torrinha,4888,Tarcísio,2913,998,906,23,33,10,2,1,1,1
607,Trabiju,1200,Rodrigo Garcia,240,270,682,0,7,0,0,1,0,0
608,Tremembé,20821,Tarcísio,11119,5520,3551,339,141,75,26,8,33,9
609,Três Fronteiras,3404,Tarcísio,1572,866,935,14,10,4,1,1,1,0
610,Tuiuti,3536,Tarcísio,1826,726,910,31,19,12,6,1,1,4
611,Tupi Paulista,7991,Tarcísio,3783,1895,2233,32,28,9,7,2,1,1
612,Tupã,33043,Tarcísio,21876,7294,3276,323,168,47,34,12,8,5
613,Turiúba,1188,Tarcísio,552,251,373,6,2,2,2,0,0,0
614,Turmalina,1250,Fernando Haddad,429,468,347,2,4,0,0,0,0,0
615,Ubarana,3086,Tarcísio,1079,940,1038,7,18,3,1,0,0,0
616,Ubatuba,48902,Tarcísio,26753,14706,6264,510,370,161,72,26,24,16
617,Ubirajara,2885,Tarcísio,1241,871,749,16,6,0,1,1,0,0
618,Uchoa,5547,Tarcísio,2524,1292,1633,48,37,5,6,1,0,1
619,União Paulista,1135,Rodrigo Garcia,405,211,515,2,2,0,0,0,0,0
620,Uru,1103,Tarcísio,492,214,387,5,3,0,0,2,0,0
621,Urupês,7207,Tarcísio,4298,1686,1142,35,33,3,5,5,0,0
622,Urânia,4709,Tarcísio,2415,1263,989,13,19,6,3,0,0,1
623,Valentim Gentil,6968,Tarcísio,3383,1676,1846,32,17,5,4,0,4,1
624,Valinhos,65353,Tarcísio,34617,17617,10447,1650,544,240,135,31,32,40
625,Valparaíso,11065,Tarcísio,5745,3539,1636,55,56,20,9,1,2,2
626,Vargem,3931,Tarcísio,1949,924,951,46,44,10,5,0,2,0
627,Vargem Grande Paulista,27634,Tarcísio,11122,10090,5200,475,515,136,59,22,7,8
628,Vargem Grande do Sul,20340,Tarcísio,9436,4614,5951,161,110,31,23,6,7,1
629,Vera Cruz,5592,Tarcísio,2926,1601,980,38,25,13,7,1,0,1
630,Vinhedo,44084,Tarcísio,24683,10778,6813,1038,421,188,104,32,20,7
631,Viradouro,9164,Tarcísio,4878,2253,1917,48,43,14,8,2,1,0
632,Vista Alegre do Alto,4112,Tarcísio,1877,1256,925,21,25,2,2,4,0,0
633,Vitória Brasil,1203,Tarcísio,443,326,423,3,5,2,1,0,0,0
634,Votorantim,62294,Tarcísio,30873,21020,8707,850,480,205,111,17,22,9
635,Votuporanga,48970,Tarcísio,26551,10808,10898,402,160,84,49,10,4,4
636,Várzea Paulista,56751,Tarcísio,25201,19073,11059,606,464,201,88,20,33,6
637,Zacarias,1715,Rodrigo Garcia,635,437,638,3,2,0,0,0,0,0
638,Águas da Prata,4210,Tarcísio,2034,1226,875,30,25,5,10,4,1,0
639,Águas de Lindóia,9905,Tarcísio,5720,2113,1869,115,58,17,9,1,2,1
640,Águas de Santa Bárbara,3356,Tarcísio,1905,866,504,31,28,10,10,1,0,1
641,Águas de São Pedro,2942,Tarcísio,1529,724,628,31,12,5,7,3,1,2
642,Álvares Florence,2612,Tarcísio,1291,569,731,9,4,2,5,1,0,0
643,Álvares Machado,13203,Tarcísio,5792,3360,3909,60,42,24,9,2,2,3
644,Álvaro de Carvalho,1945,Tarcísio,650,629,634,4,23,2,3,0,0,0
645,Óleo,1670,Tarcísio,770,386,493,5,12,1,3,0,0,0
