muncod,Lula,Jair Bolsonaro
ac01120,0,0
ac01570,0,0
ac01058,0,0
ac01007,0,0
ac01015,0,0
ac01074,0,0
ac01112,0,0
ac01139,0,0
ac01104,0,0
ac01554,0,0
ac01040,0,0
ac01090,0,0
ac01511,0,0
ac01023,0,0
ac01066,0,0
ac01392,0,0
ac01082,0,0
ac01031,0,0
ac01457,0,0
ac01538,0,0
ac01473,0,0
ac01490,0,0
al27030,0,0
al27057,0,0
al27073,0,0
al27090,0,0
al27111,0,0
al27138,0,0
al27170,0,0
al27154,0,0
al27197,0,0
al27219,0,0
al27235,0,0
al27251,0,0
al27081,0,0
al27278,0,0
al27294,0,0
al27316,0,0
al27332,0,0
al27359,0,0
al27375,0,0
al27391,0,0
al27413,0,0
al27430,0,0
al27456,0,0
al28894,0,0
al27472,0,0
al27499,0,0
al27049,0,0
al27510,0,0
al27537,0,0
al27553,0,0
al27570,0,0
al27596,0,0
al27618,0,0
al27634,0,0
al27650,0,0
al27677,0,0
al27693,0,0
al27715,0,0
al27731,0,0
al27065,0,0
al27758,0,0
al27774,0,0
al27790,0,0
al27812,0,0
al27839,0,0
al27855,0,0
al27871,0,0
al27979,0,0
al27898,0,0
al27910,0,0
al27936,0,0
al27952,0,0
al27995,0,0
al28010,0,0
al28037,0,0
al28053,0,0
al28070,0,0
al28096,0,0
al28118,0,0
al28134,0,0
al28150,0,0
al28177,0,0
al28193,0,0
al28215,0,0
al28231,0,0
al28258,0,0
al27022,0,0
al27006,0,0
al28290,0,0
al28312,0,0
al28339,0,0
al28355,0,0
al28371,0,0
al28398,0,0
al28410,0,0
al28452,0,0
al28479,0,0
al28495,0,0
al28436,0,0
al28274,0,0
al28517,0,0
al28533,0,0
al28550,0,0
al28576,0,0
al28592,0,0
al28614,0,0
al28770,0,0
al28916,0,0
al28630,0,0
al28657,0,0
al28673,0,0
al28690,0,0
al28711,0,0
al28738,0,0
al28754,0,0
al28797,0,0
al28819,0,0
al28932,0,0
al28835,0,0
al28851,0,0
al28878,0,0
al27014,0,0
am02895,0,0
am02917,0,0
am02933,0,0
am02038,0,0
am02003,0,0
am02054,0,0
am02070,0,0
am02097,0,0
am02119,0,0
am02135,0,0
am02950,0,0
am02976,0,0
am02151,0,0
am02178,0,0
am02992,0,0
am02194,0,0
am02216,0,0
am02232,0,0
am02046,0,0
am02259,0,0
am02275,0,0
am02291,0,0
am02313,0,0
am02330,0,0
am02020,0,0
am02356,0,0
am02399,0,0
am98353,0,0
am02410,0,0
am98370,0,0
am02437,0,0
am02453,0,0
am02470,0,0
am02496,0,0
am02518,0,0
am02534,0,0
am98396,0,0
am02550,0,0
am02577,0,0
am02593,0,0
am02615,0,0
am02631,0,0
am02658,0,0
am02011,0,0
am02674,0,0
am02690,0,0
am02712,0,0
am98418,0,0
am98434,0,0
am02372,0,0
am02739,0,0
am02771,0,0
am02836,0,0
am02755,0,0
am98450,0,0
am98477,0,0
am02798,0,0
am02810,0,0
am98515,0,0
am98493,0,0
am02852,0,0
am02879,0,0
ap06017,0,0
ap06033,0,0
ap06068,0,0
ap06114,0,0
ap06041,0,0
ap06130,0,0
ap06050,0,0
ap06076,0,0
ap06092,0,0
ap06025,0,0
ap06009,0,0
ap06157,0,0
ap06106,0,0
ap06173,0,0
ap06122,0,0
ap06084,0,0
ba33030,0,0
ba33014,0,0
ba33057,0,0
ba33065,0,0
ba33111,0,0
ba33138,0,0
ba33154,0,0
ba33170,0,0
ba33197,0,0
ba33219,0,0
ba30716,0,0
ba33235,0,0
ba33251,0,0
ba33260,0,0
ba33278,0,0
ba33294,0,0
ba33316,0,0
ba33332,0,0
ba33359,0,0
ba33375,0,0
ba33405,0,0
ba33391,0,0
ba33413,0,0
ba33430,0,0
ba30732,0,0
ba33456,0,0
ba33383,0,0
ba33472,0,0
ba33499,0,0
ba33510,0,0
ba33529,0,0
ba33537,0,0
ba33553,0,0
ba33570,0,0
ba33596,0,0
ba33618,0,0
ba33634,0,0
ba30759,0,0
ba33650,0,0
ba30775,0,0
ba33677,0,0
ba33693,0,0
ba33715,0,0
ba33731,0,0
ba33758,0,0
ba33774,0,0
ba33782,0,0
ba33790,0,0
ba33804,0,0
ba33812,0,0
ba33839,0,0
ba33871,0,0
ba33855,0,0
ba33898,0,0
ba33910,0,0
ba33936,0,0
ba30791,0,0
ba33952,0,0
ba33960,0,0
ba33979,0,0
ba33995,0,0
ba34010,0,0
ba34029,0,0
ba34037,0,0
ba34053,0,0
ba34070,0,0
ba34096,0,0
ba34118,0,0
ba34150,0,0
ba34134,0,0
ba34177,0,0
ba34193,0,0
ba34231,0,0
ba34258,0,0
ba34274,0,0
ba34290,0,0
ba34312,0,0
ba34355,0,0
ba30856,0,0
ba34215,0,0
ba30813,0,0
ba30830,0,0
ba34371,0,0
ba34363,0,0
ba34398,0,0
ba34410,0,0
ba34436,0,0
ba34452,0,0
ba34479,0,0
ba34495,0,0
ba34509,0,0
ba34517,0,0
ba34533,0,0
ba34576,0,0
ba34592,0,0
ba34614,0,0
ba34630,0,0
ba34657,0,0
ba34673,0,0
ba34690,0,0
ba34711,0,0
ba34738,0,0
ba34754,0,0
ba34770,0,0
ba34797,0,0
ba34819,0,0
ba34835,0,0
ba34851,0,0
ba34878,0,0
ba34894,0,0
ba34932,0,0
ba34916,0,0
ba34959,0,0
ba34975,0,0
ba34339,0,0
ba34550,0,0
ba30872,0,0
ba35017,0,0
ba35033,0,0
ba34991,0,0
ba35050,0,0
ba35076,0,0
ba35092,0,0
ba35114,0,0
ba35130,0,0
ba30058,0,0
ba35149,0,0
ba35157,0,0
ba30910,0,0
ba35173,0,0
ba35190,0,0
ba35211,0,0
ba30899,0,0
ba35238,0,0
ba30937,0,0
ba35254,0,0
ba35270,0,0
ba35297,0,0
ba35319,0,0
ba30953,0,0
ba35335,0,0
ba35351,0,0
ba30970,0,0
ba35378,0,0
ba35394,0,0
ba35416,0,0
ba35432,0,0
ba35459,0,0
ba35475,0,0
ba35513,0,0
ba35530,0,0
ba35556,0,0
ba35572,0,0
ba35599,0,0
ba35610,0,0
ba35637,0,0
ba35653,0,0
ba35670,0,0
ba35696,0,0
ba35700,0,0
ba35718,0,0
ba35734,0,0
ba35750,0,0
ba35777,0,0
ba35793,0,0
ba35815,0,0
ba35831,0,0
ba35858,0,0
ba35874,0,0
ba35890,0,0
ba35912,0,0
ba35939,0,0
ba35947,0,0
ba35955,0,0
ba35971,0,0
ba35998,0,0
ba36013,0,0
ba36030,0,0
ba36056,0,0
ba36072,0,0
ba36080,0,0
ba36099,0,0
ba36110,0,0
ba36137,0,0
ba36153,0,0
ba36170,0,0
ba36196,0,0
ba36218,0,0
ba36234,0,0
ba36277,0,0
ba36293,0,0
ba36315,0,0
ba36331,0,0
ba36250,0,0
ba36358,0,0
ba36374,0,0
ba36382,0,0
ba36390,0,0
ba36412,0,0
ba36439,0,0
ba36455,0,0
ba36471,0,0
ba30660,0,0
ba30678,0,0
ba36498,0,0
ba36510,0,0
ba36536,0,0
ba36552,0,0
ba36579,0,0
ba36595,0,0
ba36617,0,0
ba36633,0,0
ba36650,0,0
ba36676,0,0
ba30996,0,0
ba36692,0,0
ba36706,0,0
ba36714,0,0
ba30694,0,0
ba36730,0,0
ba36757,0,0
ba36765,0,0
ba36773,0,0
ba36811,0,0
ba36820,0,0
ba36790,0,0
ba36838,0,0
ba39730,0,0
ba36854,0,0
ba36870,0,0
ba36897,0,0
ba36919,0,0
ba30007,0,0
ba36935,0,0
ba36951,0,0
ba36978,0,0
ba36994,0,0
ba39748,0,0
ba39756,0,0
ba37010,0,0
ba37036,0,0
ba37052,0,0
ba37079,0,0
ba37095,0,0
ba39772,0,0
ba37117,0,0
ba37133,0,0
ba37150,0,0
ba37176,0,0
ba37192,0,0
ba37214,0,0
ba37222,0,0
ba37230,0,0
ba37257,0,0
ba37273,0,0
ba37290,0,0
ba37303,0,0
ba37311,0,0
ba37338,0,0
ba37354,0,0
ba37370,0,0
ba37397,0,0
ba37419,0,0
ba37427,0,0
ba37435,0,0
ba37451,0,0
ba37460,0,0
ba37478,0,0
ba37494,0,0
ba37516,0,0
ba37532,0,0
ba39799,0,0
ba37559,0,0
ba37567,0,0
ba39969,0,0
ba37575,0,0
ba37583,0,0
ba37591,0,0
ba37613,0,0
ba39942,0,0
ba37621,0,0
ba37630,0,0
ba37656,0,0
ba37672,0,0
ba37680,0,0
ba37699,0,0
ba37710,0,0
ba37737,0,0
ba37753,0,0
ba37770,0,0
ba37796,0,0
ba37818,0,0
ba37850,0,0
ba37834,0,0
ba37877,0,0
ba37893,0,0
ba37915,0,0
ba37931,0,0
ba39837,0,0
ba37940,0,0
ba37958,0,0
ba37974,0,0
ba37990,0,0
ba38016,0,0
ba38059,0,0
ba38067,0,0
ba38075,0,0
ba38091,0,0
ba38032,0,0
ba38113,0,0
ba38130,0,0
ba38156,0,0
ba38164,0,0
ba39810,0,0
ba38172,0,0
ba38199,0,0
ba39845,0,0
ba39853,0,0
ba38210,0,0
ba38237,0,0
ba38296,0,0
ba38253,0,0
ba38270,0,0
ba38318,0,0
ba38334,0,0
ba38342,0,0
ba38350,0,0
ba38377,0,0
ba38393,0,0
ba38415,0,0
ba38431,0,0
ba38458,0,0
ba38474,0,0
ba38490,0,0
ba38539,0,0
ba38512,0,0
ba38555,0,0
ba38571,0,0
ba38598,0,0
ba39870,0,0
ba38636,0,0
ba35491,0,0
ba38695,0,0
ba38610,0,0
ba38652,0,0
ba38679,0,0
ba38717,0,0
ba38733,0,0
ba38750,0,0
ba38911,0,0
ba38946,0,0
ba38954,0,0
ba38970,0,0
ba38997,0,0
ba39012,0,0
ba39039,0,0
ba39047,0,0
ba39055,0,0
ba39071,0,0
ba39098,0,0
ba39110,0,0
ba39136,0,0
ba39985,0,0
ba39152,0,0
ba38938,0,0
ba38776,0,0
ba38806,0,0
ba38814,0,0
ba38830,0,0
ba38792,0,0
ba38822,0,0
ba39896,0,0
ba38857,0,0
ba39926,0,0
ba38865,0,0
ba38873,0,0
ba38890,0,0
ba39144,0,0
ba39900,0,0
ba39179,0,0
ba39195,0,0
ba39918,0,0
ba39217,0,0
ba39233,0,0
ba39250,0,0
ba39934,0,0
ba39276,0,0
ba39292,0,0
ba39314,0,0
ba39330,0,0
ba39357,0,0
ba39373,0,0
ba39390,0,0
ba39438,0,0
ba39454,0,0
ba39411,0,0
ba39470,0,0
ba39489,0,0
ba39497,0,0
ba39519,0,0
ba39535,0,0
ba39551,0,0
ba39594,0,0
ba39578,0,0
ba39624,0,0
ba39632,0,0
ba39640,0,0
ba39659,0,0
ba39977,0,0
ba39616,0,0
ba39950,0,0
ba39675,0,0
ba39993,0,0
ba39691,0,0
ba39713,0,0
ba33073,0,0
ba33090,0,0
ce13013,0,0
ce13145,0,0
ce13030,0,0
ce13056,0,0
ce13072,0,0
ce13099,0,0
ce13110,0,0
ce13137,0,0
ce15873,0,0
ce13153,0,0
ce13170,0,0
ce13196,0,0
ce13218,0,0
ce13234,0,0
ce13420,0,0
ce13250,0,0
ce13277,0,0
ce13293,0,0
ce13315,0,0
ce13331,0,0
ce13358,0,0
ce13382,0,0
ce13374,0,0
ce13129,0,0
ce13390,0,0
ce13404,0,0
ce13412,0,0
ce13439,0,0
ce13455,0,0
ce13471,0,0
ce13498,0,0
ce13510,0,0
ce13536,0,0
ce13552,0,0
ce13579,0,0
ce13595,0,0
ce13633,0,0
ce13617,0,0
ce13650,0,0
ce13676,0,0
ce13692,0,0
ce13714,0,0
ce13447,0,0
ce13730,0,0
ce13757,0,0
ce13773,0,0
ce13161,0,0
ce13463,0,0
ce13811,0,0
ce13838,0,0
ce13854,0,0
ce15881,0,0
ce15890,0,0
ce15989,0,0
ce13200,0,0
ce13226,0,0
ce13870,0,0
ce15911,0,0
ce13897,0,0
ce13501,0,0
ce13919,0,0
ce13935,0,0
ce13951,0,0
ce13978,0,0
ce13064,0,0
ce13994,0,0
ce13242,0,0
ce14010,0,0
ce14036,0,0
ce14052,0,0
ce13188,0,0
ce14060,0,0
ce14079,0,0
ce15920,0,0
ce15938,0,0
ce14095,0,0
ce14117,0,0
ce14133,0,0
ce13340,0,0
ce14150,0,0
ce14176,0,0
ce14192,0,0
ce14214,0,0
ce14230,0,0
ce13480,0,0
ce14257,0,0
ce14273,0,0
ce14290,0,0
ce14311,0,0
ce15954,0,0
ce14338,0,0
ce14354,0,0
ce14370,0,0
ce14397,0,0
ce14419,0,0
ce14435,0,0
ce14451,0,0
ce13005,0,0
ce14478,0,0
ce14494,0,0
ce14516,0,0
ce14532,0,0
ce13021,0,0
ce15857,0,0
ce14559,0,0
ce14575,0,0
ce14591,0,0
ce14613,0,0
ce14630,0,0
ce14656,0,0
ce14672,0,0
ce15970,0,0
ce14680,0,0
ce14699,0,0
ce14710,0,0
ce14737,0,0
ce14753,0,0
ce14770,0,0
ce14796,0,0
ce14818,0,0
ce14834,0,0
ce14850,0,0
ce14877,0,0
ce14893,0,0
ce13307,0,0
ce14915,0,0
ce14931,0,0
ce14958,0,0
ce14974,0,0
ce14990,0,0
ce15016,0,0
ce15032,0,0
ce15059,0,0
ce15997,0,0
ce15075,0,0
ce15091,0,0
ce15113,0,0
ce15130,0,0
ce15156,0,0
ce15172,0,0
ce13285,0,0
ce15199,0,0
ce13048,0,0
ce15210,0,0
ce15237,0,0
ce15253,0,0
ce13269,0,0
ce13102,0,0
ce15270,0,0
ce98531,0,0
ce15296,0,0
ce15318,0,0
ce15334,0,0
ce15350,0,0
ce15377,0,0
ce15393,0,0
ce15440,0,0
ce15458,0,0
ce15415,0,0
ce15431,0,0
ce15555,0,0
ce15571,0,0
ce15598,0,0
ce15610,0,0
ce15474,0,0
ce15490,0,0
ce15512,0,0
ce15539,0,0
ce15636,0,0
ce15652,0,0
ce13366,0,0
ce15679,0,0
ce13323,0,0
ce15695,0,0
ce15717,0,0
ce13080,0,0
ce15733,0,0
ce15750,0,0
ce98558,0,0
ce15776,0,0
ce15792,0,0
ce98574,0,0
ce15830,0,0
ce15814,0,0
df97012,0,0
es56014,0,0
es56030,0,0
es56057,0,0
es56065,0,0
es56073,0,0
es56090,0,0
es56111,0,0
es56138,0,0
es56154,0,0
es56170,0,0
es56197,0,0
es56219,0,0
es56146,0,0
es56235,0,0
es56251,0,0
es56278,0,0
es56294,0,0
es56316,0,0
es56332,0,0
es56359,0,0
es56375,0,0
es56391,0,0
es56413,0,0
es56430,0,0
es56308,0,0
es56472,0,0
es56456,0,0
es57096,0,0
es56499,0,0
es56502,0,0
es56510,0,0
es56049,0,0
es56537,0,0
es56553,0,0
es56570,0,0
es56596,0,0
es57134,0,0
es56618,0,0
es56626,0,0
es57916,0,0
es56634,0,0
es56650,0,0
es56120,0,0
es56103,0,0
es57070,0,0
es56677,0,0
es56693,0,0
es56715,0,0
es56731,0,0
es56758,0,0
es56774,0,0
es56790,0,0
es57150,0,0
es56812,0,0
es56839,0,0
es56200,0,0
es56855,0,0
es57118,0,0
es56871,0,0
es56898,0,0
es57932,0,0
es56910,0,0
es56995,0,0
es56189,0,0
es56006,0,0
es56936,0,0
es56952,0,0
es56979,0,0
es56162,0,0
es57959,0,0
es57975,0,0
es57010,0,0
es56081,0,0
es56227,0,0
es57037,0,0
es57053,0,0
es56022,0,0
es57991,0,0
go93360,0,0
go92010,0,0
go96458,0,0
go96911,0,0
go92053,0,0
go92096,0,0
go92940,0,0
go92118,0,0
go92150,0,0
go93386,0,0
go96610,0,0
go92177,0,0
go92231,0,0
go92258,0,0
go92215,0,0
go92274,0,0
go93009,0,0
go92290,0,0
go92339,0,0
go92355,0,0
go96695,0,0
go92312,0,0
go96717,0,0
go92495,0,0
go92517,0,0
go92550,0,0
go92614,0,0
go92630,0,0
go92657,0,0
go92673,0,0
go92690,0,0
go92029,0,0
go93408,0,0
go92711,0,0
go92754,0,0
go92770,0,0
go93106,0,0
go93262,0,0
go92797,0,0
go92819,0,0
go92835,0,0
go96733,0,0
go92878,0,0
go92894,0,0
go93122,0,0
go92916,0,0
go96873,0,0
go92932,0,0
go92959,0,0
go93580,0,0
go92975,0,0
go92061,0,0
go92991,0,0
go92967,0,0
go93017,0,0
go93033,0,0
go93050,0,0
go92851,0,0
go93076,0,0
go92100,0,0
go92924,0,0
go93025,0,0
go92886,0,0
go92126,0,0
go93190,0,0
go93173,0,0
go93254,0,0
go93270,0,0
go93297,0,0
go93319,0,0
go93335,0,0
go93157,0,0
go93351,0,0
go93378,0,0
go93394,0,0
go93432,0,0
go93092,0,0
go96750,0,0
go92207,0,0
go93491,0,0
go93513,0,0
go92223,0,0
go93530,0,0
go93572,0,0
go93599,0,0
go93610,0,0
go93637,0,0
go93564,0,0
go93696,0,0
go93750,0,0
go93670,0,0
go93718,0,0
go93793,0,0
go93777,0,0
go93734,0,0
go92266,0,0
go93815,0,0
go93831,0,0
go93149,0,0
go92860,0,0
go93874,0,0
go93912,0,0
go93890,0,0
go93939,0,0
go93165,0,0
go96814,0,0
go93955,0,0
go93971,0,0
go93548,0,0
go93998,0,0
go94013,0,0
go94030,0,0
go92282,0,0
go94072,0,0
go94110,0,0
go94137,0,0
go94153,0,0
go94196,0,0
go94218,0,0
go94234,0,0
go94250,0,0
go94277,0,0
go94293,0,0
go94315,0,0
go94331,0,0
go94358,0,0
go92983,0,0
go94374,0,0
go94390,0,0
go93602,0,0
go94439,0,0
go94455,0,0
go94471,0,0
go94498,0,0
go94510,0,0
go94536,0,0
go92320,0,0
go94579,0,0
go92347,0,0
go96474,0,0
go94595,0,0
go94650,0,0
go94676,0,0
go94714,0,0
go92363,0,0
go93181,0,0
go94730,0,0
go92169,0,0
go94757,0,0
go94773,0,0
go96512,0,0
go94790,0,0
go94854,0,0
go94870,0,0
go94897,0,0
go94919,0,0
go94935,0,0
go96539,0,0
go96555,0,0
go93084,0,0
go94951,0,0
go94978,0,0
go95010,0,0
go93327,0,0
go92444,0,0
go95036,0,0
go95052,0,0
go95079,0,0
go95095,0,0
go92460,0,0
go95117,0,0
go95133,0,0
go95150,0,0
go95176,0,0
go94552,0,0
go95230,0,0
go93068,0,0
go95311,0,0
go95354,0,0
go95397,0,0
go95419,0,0
go95435,0,0
go95451,0,0
go95958,0,0
go95494,0,0
go95559,0,0
go93424,0,0
go95575,0,0
go95613,0,0
go93041,0,0
go95630,0,0
go95656,0,0
go95672,0,0
go92827,0,0
go95710,0,0
go95737,0,0
go95753,0,0
go95770,0,0
go95796,0,0
go92568,0,0
go95818,0,0
go96890,0,0
go95834,0,0
go93440,0,0
go95850,0,0
go95877,0,0
go95893,0,0
go93203,0,0
go92908,0,0
go96776,0,0
go92703,0,0
go96075,0,0
go96091,0,0
go92720,0,0
go95915,0,0
go95931,0,0
go95974,0,0
go92622,0,0
go92649,0,0
go95990,0,0
go96016,0,0
go92665,0,0
go93483,0,0
go96059,0,0
go96113,0,0
go96172,0,0
go92762,0,0
go93220,0,0
go96253,0,0
go92789,0,0
go96237,0,0
go92800,0,0
go96318,0,0
go93246,0,0
go96350,0,0
go96334,0,0
go96377,0,0
go93300,0,0
go96393,0,0
go96415,0,0
go96571,0,0
go93289,0,0
go93505,0,0
go96938,0,0
go92037,0,0
go93343,0,0
ma07013,0,0
ma07030,0,0
ma07056,0,0
ma07072,0,0
ma07021,0,0
ma07048,0,0
ma07099,0,0
ma07080,0,0
ma07110,0,0
ma07137,0,0
ma07153,0,0
ma07064,0,0
ma07102,0,0
ma07170,0,0
ma09679,0,0
ma07196,0,0
ma07218,0,0
ma09610,0,0
ma07234,0,0
ma07129,0,0
ma07250,0,0
ma07145,0,0
ma07277,0,0
ma07315,0,0
ma07331,0,0
ma07293,0,0
ma07188,0,0
ma07161,0,0
ma07358,0,0
ma07374,0,0
ma07200,0,0
ma07323,0,0
ma09555,0,0
ma07269,0,0
ma07285,0,0
ma07390,0,0
ma07307,0,0
ma07412,0,0
ma07439,0,0
ma07340,0,0
ma07366,0,0
ma07226,0,0
ma07455,0,0
ma07471,0,0
ma07382,0,0
ma07510,0,0
ma07404,0,0
ma07536,0,0
ma07552,0,0
ma07579,0,0
ma07595,0,0
ma07420,0,0
ma07447,0,0
ma07463,0,0
ma07617,0,0
ma07480,0,0
ma07633,0,0
ma07650,0,0
ma07676,0,0
ma07501,0,0
ma07692,0,0
ma07714,0,0
ma07498,0,0
ma07242,0,0
ma07730,0,0
ma07757,0,0
ma07773,0,0
ma09636,0,0
ma07528,0,0
ma07544,0,0
ma07560,0,0
ma07790,0,0
ma07811,0,0
ma07838,0,0
ma07854,0,0
ma07870,0,0
ma07609,0,0
ma07897,0,0
ma07625,0,0
ma07641,0,0
ma07668,0,0
ma07935,0,0
ma07919,0,0
ma07951,0,0
ma07978,0,0
ma07994,0,0
ma07684,0,0
ma08010,0,0
ma08036,0,0
ma07706,0,0
ma08079,0,0
ma07722,0,0
ma07749,0,0
ma07765,0,0
ma08117,0,0
ma08095,0,0
ma07781,0,0
ma08133,0,0
ma08150,0,0
ma07803,0,0
ma08176,0,0
ma07820,0,0
ma07846,0,0
ma07862,0,0
ma08192,0,0
ma08214,0,0
ma08230,0,0
ma08257,0,0
ma07889,0,0
ma07900,0,0
ma07927,0,0
ma08273,0,0
ma08290,0,0
ma08311,0,0
ma07943,0,0
ma07960,0,0
ma08338,0,0
ma09695,0,0
ma08354,0,0
ma08397,0,0
ma08370,0,0
ma08419,0,0
ma08435,0,0
ma07986,0,0
ma08451,0,0
ma08001,0,0
ma08478,0,0
ma08028,0,0
ma08516,0,0
ma08532,0,0
ma08559,0,0
ma08575,0,0
ma08591,0,0
ma08044,0,0
ma09598,0,0
ma08494,0,0
ma08613,0,0
ma08060,0,0
ma08630,0,0
ma08656,0,0
ma08087,0,0
ma08672,0,0
ma08699,0,0
ma08710,0,0
ma08737,0,0
ma08770,0,0
ma08109,0,0
ma08753,0,0
ma08796,0,0
ma08818,0,0
ma08125,0,0
ma08141,0,0
ma08834,0,0
ma08850,0,0
ma08168,0,0
ma08877,0,0
ma08184,0,0
ma08915,0,0
ma08931,0,0
ma08206,0,0
ma08958,0,0
ma09571,0,0
ma08974,0,0
ma09652,0,0
ma08990,0,0
ma09016,0,0
ma08222,0,0
ma08249,0,0
ma09032,0,0
ma08460,0,0
ma08486,0,0
ma08508,0,0
ma08524,0,0
ma09318,0,0
ma08540,0,0
ma09059,0,0
ma09075,0,0
ma09091,0,0
ma08265,0,0
ma09113,0,0
ma08281,0,0
ma09156,0,0
ma09130,0,0
ma08893,0,0
ma08362,0,0
ma09172,0,0
ma08303,0,0
ma08320,0,0
ma08346,0,0
ma09199,0,0
ma09210,0,0
ma08052,0,0
ma09237,0,0
ma08389,0,0
ma08400,0,0
ma09253,0,0
ma08427,0,0
ma08443,0,0
ma09270,0,0
ma09296,0,0
ma09334,0,0
ma09350,0,0
ma09377,0,0
ma08567,0,0
ma08583,0,0
ma09393,0,0
ma09415,0,0
ma08605,0,0
ma09431,0,0
ma09458,0,0
ma09474,0,0
ma09490,0,0
ma08621,0,0
ma09539,0,0
ma09512,0,0
ma09717,0,0
ma07005,0,0
mg40010,0,0
mg40037,0,0
mg40053,0,0
mg40070,0,0
mg40150,0,0
mg40215,0,0
mg40231,0,0
mg40258,0,0
mg40274,0,0
mg40312,0,0
mg40002,0,0
mg40339,0,0
mg40355,0,0
mg40371,0,0
mg40398,0,0
mg41661,0,0
mg50695,0,0
mg40410,0,0
mg40436,0,0
mg40452,0,0
mg40479,0,0
mg40290,0,0
mg40495,0,0
mg40517,0,0
mg40550,0,0
mg41688,0,0
mg40576,0,0
mg40592,0,0
mg40614,0,0
mg40657,0,0
mg40690,0,0
mg40711,0,0
mg40738,0,0
mg40029,0,0
mg40754,0,0
mg40797,0,0
mg40630,0,0
mg40673,0,0
mg40770,0,0
mg40819,0,0
mg40835,0,0
mg40851,0,0
mg40878,0,0
mg41700,0,0
mg40894,0,0
mg40916,0,0
mg40932,0,0
mg40959,0,0
mg40096,0,0
mg40975,0,0
mg40991,0,0
mg41017,0,0
mg41033,0,0
mg41050,0,0
mg41114,0,0
mg41130,0,0
mg41173,0,0
mg41076,0,0
mg41092,0,0
mg41190,0,0
mg41211,0,0
mg41238,0,0
mg41254,0,0
mg41270,0,0
mg41297,0,0
mg41726,0,0
mg41319,0,0
mg41335,0,0
mg41351,0,0
mg41378,0,0
mg41394,0,0
mg41416,0,0
mg41432,0,0
mg41459,0,0
mg41475,0,0
mg41491,0,0
mg41513,0,0
mg41530,0,0
mg41556,0,0
mg41572,0,0
mg41599,0,0
mg41610,0,0
mg41637,0,0
mg41742,0,0
mg41653,0,0
mg41670,0,0
mg41696,0,0
mg40045,0,0
mg41718,0,0
mg41777,0,0
mg41750,0,0
mg41793,0,0
mg41734,0,0
mg41815,0,0
mg41831,0,0
mg41769,0,0
mg41858,0,0
mg41874,0,0
mg41785,0,0
mg41890,0,0
mg41912,0,0
mg41939,0,0
mg40533,0,0
mg41955,0,0
mg41971,0,0
mg41998,0,0
mg42013,0,0
mg42030,0,0
mg42056,0,0
mg42072,0,0
mg42099,0,0
mg42137,0,0
mg42110,0,0
mg42170,0,0
mg42153,0,0
mg42196,0,0
mg42218,0,0
mg41807,0,0
mg42234,0,0
mg42250,0,0
mg42277,0,0
mg42293,0,0
mg42315,0,0
mg42374,0,0
mg42331,0,0
mg42390,0,0
mg41823,0,0
mg42358,0,0
mg42412,0,0
mg42439,0,0
mg42455,0,0
mg42471,0,0
mg42498,0,0
mg42510,0,0
mg40061,0,0
mg42536,0,0
mg42552,0,0
mg42579,0,0
mg42617,0,0
mg42633,0,0
mg42650,0,0
mg42676,0,0
mg42595,0,0
mg42692,0,0
mg42714,0,0
mg42730,0,0
mg42773,0,0
mg42790,0,0
mg42811,0,0
mg42838,0,0
mg42854,0,0
mg42870,0,0
mg42757,0,0
mg42897,0,0
mg40088,0,0
mg42919,0,0
mg42951,0,0
mg42935,0,0
mg42978,0,0
mg42994,0,0
mg43052,0,0
mg41840,0,0
mg43079,0,0
mg40100,0,0
mg41866,0,0
mg43095,0,0
mg43117,0,0
mg43133,0,0
mg43150,0,0
mg43192,0,0
mg43214,0,0
mg41882,0,0
mg43230,0,0
mg43176,0,0
mg43257,0,0
mg43273,0,0
mg43290,0,0
mg43311,0,0
mg43338,0,0
mg43354,0,0
mg43370,0,0
mg43397,0,0
mg43419,0,0
mg43036,0,0
mg43451,0,0
mg43435,0,0
mg43478,0,0
mg43494,0,0
mg43516,0,0
mg43532,0,0
mg43559,0,0
mg41920,0,0
mg43575,0,0
mg43591,0,0
mg43613,0,0
mg43630,0,0
mg43656,0,0
mg43672,0,0
mg43699,0,0
mg43710,0,0
mg43737,0,0
mg43753,0,0
mg43770,0,0
mg43796,0,0
mg43818,0,0
mg43834,0,0
mg43850,0,0
mg43877,0,0
mg43893,0,0
mg43915,0,0
mg43931,0,0
mg44016,0,0
mg44032,0,0
mg44075,0,0
mg44091,0,0
mg44059,0,0
mg41963,0,0
mg44113,0,0
mg44130,0,0
mg44156,0,0
mg41980,0,0
mg42005,0,0
mg44172,0,0
mg43010,0,0
mg43958,0,0
mg43974,0,0
mg41947,0,0
mg43990,0,0
mg41904,0,0
mg44199,0,0
mg44210,0,0
mg44237,0,0
mg42021,0,0
mg44253,0,0
mg44270,0,0
mg44296,0,0
mg44318,0,0
mg44334,0,0
mg44350,0,0
mg44393,0,0
mg44415,0,0
mg44431,0,0
mg44377,0,0
mg44458,0,0
mg40126,0,0
mg44474,0,0
mg40142,0,0
mg42048,0,0
mg44490,0,0
mg44512,0,0
mg44539,0,0
mg44555,0,0
mg44571,0,0
mg44598,0,0
mg44610,0,0
mg44636,0,0
mg44652,0,0
mg44679,0,0
mg44695,0,0
mg40169,0,0
mg44717,0,0
mg44733,0,0
mg44750,0,0
mg40185,0,0
mg44776,0,0
mg44792,0,0
mg44814,0,0
mg44830,0,0
mg44857,0,0
mg44873,0,0
mg44890,0,0
mg44911,0,0
mg44938,0,0
mg44954,0,0
mg44970,0,0
mg44997,0,0
mg45012,0,0
mg45039,0,0
mg45055,0,0
mg45110,0,0
mg45136,0,0
mg45071,0,0
mg45152,0,0
mg45179,0,0
mg40207,0,0
mg45195,0,0
mg45217,0,0
mg45233,0,0
mg45250,0,0
mg45276,0,0
mg45292,0,0
mg45314,0,0
mg45330,0,0
mg40223,0,0
mg45357,0,0
mg45373,0,0
mg42064,0,0
mg45390,0,0
mg49352,0,0
mg42080,0,0
mg45411,0,0
mg45438,0,0
mg45454,0,0
mg42102,0,0
mg42129,0,0
mg42145,0,0
mg42161,0,0
mg45497,0,0
mg45470,0,0
mg45519,0,0
mg45535,0,0
mg45578,0,0
mg45551,0,0
mg45594,0,0
mg45616,0,0
mg45632,0,0
mg42188,0,0
mg45675,0,0
mg45659,0,0
mg45691,0,0
mg45713,0,0
mg45730,0,0
mg45756,0,0
mg45772,0,0
mg45799,0,0
mg45810,0,0
mg45837,0,0
mg45853,0,0
mg45870,0,0
mg45918,0,0
mg42200,0,0
mg45934,0,0
mg45950,0,0
mg45977,0,0
mg45993,0,0
mg45896,0,0
mg40240,0,0
mg46019,0,0
mg46035,0,0
mg46051,0,0
mg46078,0,0
mg46094,0,0
mg42226,0,0
mg46116,0,0
mg42242,0,0
mg46132,0,0
mg46159,0,0
mg46175,0,0
mg46191,0,0
mg46213,0,0
mg40266,0,0
mg46230,0,0
mg46256,0,0
mg46272,0,0
mg46299,0,0
mg46310,0,0
mg46337,0,0
mg46353,0,0
mg46370,0,0
mg46396,0,0
mg46418,0,0
mg46434,0,0
mg46450,0,0
mg46477,0,0
mg46493,0,0
mg46515,0,0
mg46531,0,0
mg46558,0,0
mg46574,0,0
mg46590,0,0
mg46612,0,0
mg46639,0,0
mg46655,0,0
mg46671,0,0
mg46698,0,0
mg46710,0,0
mg46736,0,0
mg46779,0,0
mg54453,0,0
mg46752,0,0
mg46795,0,0
mg46817,0,0
mg46833,0,0
mg46850,0,0
mg46876,0,0
mg46892,0,0
mg46914,0,0
mg46930,0,0
mg46973,0,0
mg46957,0,0
mg46990,0,0
mg40304,0,0
mg47015,0,0
mg47031,0,0
mg47058,0,0
mg42269,0,0
mg40282,0,0
mg47074,0,0
mg42285,0,0
mg47090,0,0
mg47112,0,0
mg47139,0,0
mg47155,0,0
mg47171,0,0
mg47210,0,0
mg47279,0,0
mg47198,0,0
mg47295,0,0
mg40924,0,0
mg42307,0,0
mg42323,0,0
mg47236,0,0
mg47252,0,0
mg40320,0,0
mg47333,0,0
mg47350,0,0
mg47376,0,0
mg40940,0,0
mg47392,0,0
mg47414,0,0
mg47430,0,0
mg47457,0,0
mg47473,0,0
mg47490,0,0
mg40347,0,0
mg47511,0,0
mg47538,0,0
mg47554,0,0
mg47570,0,0
mg47597,0,0
mg47619,0,0
mg47635,0,0
mg47651,0,0
mg40967,0,0
mg47678,0,0
mg47694,0,0
mg47716,0,0
mg40363,0,0
mg40380,0,0
mg40983,0,0
mg41009,0,0
mg47732,0,0
mg47759,0,0
mg47775,0,0
mg47791,0,0
mg47813,0,0
mg47830,0,0
mg40401,0,0
mg47856,0,0
mg47872,0,0
mg47899,0,0
mg47910,0,0
mg47953,0,0
mg47937,0,0
mg47970,0,0
mg47996,0,0
mg48011,0,0
mg48038,0,0
mg48054,0,0
mg48070,0,0
mg48097,0,0
mg41041,0,0
mg40428,0,0
mg48119,0,0
mg48135,0,0
mg54313,0,0
mg48151,0,0
mg40444,0,0
mg48178,0,0
mg48194,0,0
mg48216,0,0
mg48232,0,0
mg48259,0,0
mg48275,0,0
mg48291,0,0
mg48313,0,0
mg48330,0,0
mg48356,0,0
mg48372,0,0
mg48399,0,0
mg48410,0,0
mg41068,0,0
mg48437,0,0
mg48453,0,0
mg48470,0,0
mg48496,0,0
mg48518,0,0
mg48534,0,0
mg48550,0,0
mg48577,0,0
mg48593,0,0
mg48615,0,0
mg41084,0,0
mg48631,0,0
mg48674,0,0
mg48658,0,0
mg40460,0,0
mg48690,0,0
mg48712,0,0
mg48739,0,0
mg48755,0,0
mg48771,0,0
mg48798,0,0
mg48810,0,0
mg41025,0,0
mg48836,0,0
mg48852,0,0
mg40487,0,0
mg41106,0,0
mg48879,0,0
mg48895,0,0
mg48917,0,0
mg41122,0,0
mg41149,0,0
mg48933,0,0
mg48950,0,0
mg48976,0,0
mg48992,0,0
mg41165,0,0
mg49018,0,0
mg49034,0,0
mg47317,0,0
mg49050,0,0
mg40509,0,0
mg41181,0,0
mg49077,0,0
mg41203,0,0
mg49115,0,0
mg49131,0,0
mg49093,0,0
mg49158,0,0
mg41220,0,0
mg41246,0,0
mg49174,0,0
mg49190,0,0
mg49212,0,0
mg49239,0,0
mg41262,0,0
mg49255,0,0
mg41289,0,0
mg49271,0,0
mg49298,0,0
mg49310,0,0
mg49336,0,0
mg40525,0,0
mg49379,0,0
mg49395,0,0
mg49433,0,0
mg49450,0,0
mg49476,0,0
mg49417,0,0
mg49514,0,0
mg49530,0,0
mg49557,0,0
mg49492,0,0
mg49573,0,0
mg41300,0,0
mg49590,0,0
mg49611,0,0
mg49638,0,0
mg49654,0,0
mg49670,0,0
mg49697,0,0
mg49735,0,0
mg41327,0,0
mg49751,0,0
mg49778,0,0
mg49794,0,0
mg49816,0,0
mg40541,0,0
mg49832,0,0
mg49859,0,0
mg49875,0,0
mg49891,0,0
mg49913,0,0
mg49930,0,0
mg49956,0,0
mg49972,0,0
mg40568,0,0
mg49999,0,0
mg49719,0,0
mg50016,0,0
mg41343,0,0
mg50032,0,0
mg50059,0,0
mg50075,0,0
mg50091,0,0
mg41360,0,0
mg41386,0,0
mg50113,0,0
mg50130,0,0
mg50156,0,0
mg50199,0,0
mg50172,0,0
mg50210,0,0
mg50237,0,0
mg50253,0,0
mg50270,0,0
mg50296,0,0
mg50318,0,0
mg50377,0,0
mg50393,0,0
mg50415,0,0
mg41408,0,0
mg40584,0,0
mg50431,0,0
mg50458,0,0
mg50474,0,0
mg50490,0,0
mg50512,0,0
mg50334,0,0
mg50350,0,0
mg50539,0,0
mg50555,0,0
mg50598,0,0
mg50571,0,0
mg50610,0,0
mg50636,0,0
mg50652,0,0
mg50679,0,0
mg50717,0,0
mg50733,0,0
mg50750,0,0
mg50776,0,0
mg50792,0,0
mg50814,0,0
mg41424,0,0
mg50830,0,0
mg50857,0,0
mg50873,0,0
mg40606,0,0
mg50890,0,0
mg50911,0,0
mg50938,0,0
mg50954,0,0
mg50970,0,0
mg51012,0,0
mg50997,0,0
mg51039,0,0
mg51055,0,0
mg51071,0,0
mg51098,0,0
mg51110,0,0
mg51136,0,0
mg51152,0,0
mg51179,0,0
mg51195,0,0
mg51217,0,0
mg51233,0,0
mg51250,0,0
mg51276,0,0
mg40622,0,0
mg51292,0,0
mg51314,0,0
mg51330,0,0
mg51357,0,0
mg51373,0,0
mg51390,0,0
mg51411,0,0
mg51438,0,0
mg40649,0,0
mg41440,0,0
mg51454,0,0
mg41467,0,0
mg41483,0,0
mg51470,0,0
mg51497,0,0
mg51519,0,0
mg41505,0,0
mg51535,0,0
mg51551,0,0
mg51578,0,0
mg51594,0,0
mg51616,0,0
mg51632,0,0
mg51837,0,0
mg51870,0,0
mg51853,0,0
mg40665,0,0
mg51896,0,0
mg51918,0,0
mg51934,0,0
mg51950,0,0
mg51659,0,0
mg51675,0,0
mg51691,0,0
mg51713,0,0
mg51730,0,0
mg51756,0,0
mg51772,0,0
mg40681,0,0
mg51799,0,0
mg51810,0,0
mg51977,0,0
mg51993,0,0
mg52019,0,0
mg52035,0,0
mg52051,0,0
mg52078,0,0
mg41521,0,0
mg52094,0,0
mg52116,0,0
mg52132,0,0
mg53074,0,0
mg53090,0,0
mg40800,0,0
mg40827,0,0
mg40843,0,0
mg53112,0,0
mg53139,0,0
mg53155,0,0
mg53171,0,0
mg53198,0,0
mg53210,0,0
mg53236,0,0
mg53252,0,0
mg53279,0,0
mg53295,0,0
mg53317,0,0
mg53350,0,0
mg53333,0,0
mg53376,0,0
mg53392,0,0
mg42382,0,0
mg53414,0,0
mg53430,0,0
mg42404,0,0
mg53457,0,0
mg53473,0,0
mg53511,0,0
mg53490,0,0
mg53538,0,0
mg53554,0,0
mg52159,0,0
mg52175,0,0
mg41548,0,0
mg52191,0,0
mg52213,0,0
mg52230,0,0
mg52256,0,0
mg52272,0,0
mg41564,0,0
mg52299,0,0
mg52310,0,0
mg41580,0,0
mg52337,0,0
mg52353,0,0
mg52370,0,0
mg45098,0,0
mg52396,0,0
mg52418,0,0
mg41629,0,0
mg41645,0,0
mg40789,0,0
mg52590,0,0
mg52612,0,0
mg52639,0,0
mg52655,0,0
mg52671,0,0
mg52698,0,0
mg52710,0,0
mg52434,0,0
mg40703,0,0
mg52450,0,0
mg52477,0,0
mg41602,0,0
mg52493,0,0
mg40720,0,0
mg40746,0,0
mg52515,0,0
mg40762,0,0
mg52531,0,0
mg52558,0,0
mg52574,0,0
mg52736,0,0
mg52752,0,0
mg52779,0,0
mg52817,0,0
mg52795,0,0
mg52833,0,0
mg52850,0,0
mg52876,0,0
mg42340,0,0
mg42366,0,0
mg52892,0,0
mg52914,0,0
mg52930,0,0
mg52957,0,0
mg52973,0,0
mg53031,0,0
mg52990,0,0
mg53015,0,0
mg53058,0,0
mg53570,0,0
mg53597,0,0
mg42420,0,0
mg53619,0,0
mg53635,0,0
mg53651,0,0
mg53678,0,0
mg53694,0,0
mg53716,0,0
mg53732,0,0
mg53759,0,0
mg53775,0,0
mg53791,0,0
mg42587,0,0
mg53813,0,0
mg53830,0,0
mg53856,0,0
mg41157,0,0
mg53872,0,0
mg53899,0,0
mg53910,0,0
mg53937,0,0
mg53953,0,0
mg40860,0,0
mg53996,0,0
mg54011,0,0
mg54038,0,0
mg53970,0,0
mg54054,0,0
mg54070,0,0
mg42447,0,0
mg42463,0,0
mg40886,0,0
mg54097,0,0
mg40908,0,0
mg54119,0,0
mg42480,0,0
mg54135,0,0
mg42501,0,0
mg54178,0,0
mg54194,0,0
mg42528,0,0
mg42544,0,0
mg42560,0,0
mg54232,0,0
mg54259,0,0
mg54291,0,0
mg54330,0,0
mg54372,0,0
mg54399,0,0
mg54356,0,0
mg54410,0,0
mg54275,0,0
mg54437,0,0
mg54151,0,0
mg54216,0,0
mg40118,0,0
mg40134,0,0
mg40177,0,0
mg40193,0,0
ms55018,0,0
ms90115,0,0
ms90131,0,0
ms90158,0,0
ms91693,0,0
ms90174,0,0
ms90190,0,0
ms90212,0,0
ms91715,0,0
ms90298,0,0
ms90379,0,0
ms90395,0,0
ms90417,0,0
ms98019,0,0
ms90433,0,0
ms90450,0,0
ms90557,0,0
ms90492,0,0
ms90514,0,0
ms90530,0,0
ms90573,0,0
ms91782,0,0
ms90611,0,0
ms98590,0,0
ms90638,0,0
ms98035,0,0
ms90654,0,0
ms91758,0,0
ms91804,0,0
ms98051,0,0
ms90735,0,0
ms91731,0,0
ms55069,0,0
ms90751,0,0
ms90794,0,0
ms90816,0,0
ms90859,0,0
ms90875,0,0
ms90891,0,0
ms98078,0,0
ms90930,0,0
ms55034,0,0
ms90972,0,0
ms90999,0,0
ms91014,0,0
ms91820,0,0
ms91030,0,0
ms55026,0,0
ms91073,0,0
ms91111,0,0
ms91790,0,0
ms91138,0,0
ms91154,0,0
ms55000,0,0
ms91235,0,0
ms55042,0,0
ms91251,0,0
ms91847,0,0
ms55050,0,0
ms91278,0,0
ms91316,0,0
ms91375,0,0
ms91413,0,0
ms91430,0,0
ms91456,0,0
ms91472,0,0
ms91499,0,0
ms91863,0,0
ms98116,0,0
ms98132,0,0
ms91570,0,0
ms91880,0,0
ms98094,0,0
ms98159,0,0
ms98175,0,0
ms91596,0,0
ms91650,0,0
ms91901,0,0
ms90034,0,0
mt90018,0,0
mt89877,0,0
mt90050,0,0
mt90042,0,0
mt90077,0,0
mt90093,0,0
mt98612,0,0
mt90263,0,0
mt98639,0,0
mt90239,0,0
mt89893,0,0
mt90255,0,0
mt90271,0,0
mt90336,0,0
mt90352,0,0
mt90310,0,0
mt90905,0,0
mt90468,0,0
mt98655,0,0
mt90484,0,0
mt90506,0,0
mt90743,0,0
mt90085,0,0
mt91936,0,0
mt90760,0,0
mt90549,0,0
mt90590,0,0
mt90522,0,0
mt98671,0,0
mt89788,0,0
mt89796,0,0
mt99015,0,0
mt90280,0,0
mt91006,0,0
mt90425,0,0
mt90670,0,0
mt89800,0,0
mt90476,0,0
mt98337,0,0
mt90697,0,0
mt90719,0,0
mt90786,0,0
mt99031,0,0
mt90824,0,0
mt90778,0,0
mt90204,0,0
mt99058,0,0
mt90832,0,0
mt99074,0,0
mt91081,0,0
mt91103,0,0
mt98698,0,0
mt90913,0,0
mt90956,0,0
mt90565,0,0
mt89915,0,0
mt98191,0,0
mt90581,0,0
mt91898,0,0
mt98310,0,0
mt90301,0,0
mt90603,0,0
mt91057,0,0
mt98710,0,0
mt90620,0,0
mt91774,0,0
mt91170,0,0
mt91197,0,0
mt91219,0,0
mt90387,0,0
mt89818,0,0
mt98752,0,0
mt90140,0,0
mt90867,0,0
mt90166,0,0
mt90123,0,0
mt90360,0,0
mt90646,0,0
mt90964,0,0
mt98736,0,0
mt89826,0,0
mt90883,0,0
mt91952,0,0
mt98795,0,0
mt90808,0,0
mt90948,0,0
mt98779,0,0
mt89834,0,0
mt98833,0,0
mt91812,0,0
mt98817,0,0
mt90344,0,0
mt91294,0,0
mt90700,0,0
mt91332,0,0
mt89990,0,0
mt98850,0,0
mt91359,0,0
mt98876,0,0
mt90182,0,0
mt91391,0,0
mt98892,0,0
mt90069,0,0
mt98914,0,0
mt90662,0,0
mt90441,0,0
mt89958,0,0
mt89960,0,0
mt91510,0,0
mt91537,0,0
mt89974,0,0
mt90107,0,0
mt90980,0,0
mt91049,0,0
mt91979,0,0
mt90328,0,0
mt89843,0,0
mt91553,0,0
mt90727,0,0
mt90921,0,0
mt89850,0,0
mt98930,0,0
mt91839,0,0
mt90026,0,0
mt91995,0,0
mt90247,0,0
mt89931,0,0
mt90409,0,0
mt90220,0,0
mt91855,0,0
mt90689,0,0
mt98957,0,0
mt91618,0,0
mt91634,0,0
mt90840,0,0
mt91022,0,0
mt98973,0,0
mt91090,0,0
mt98990,0,0
mt91677,0,0
mt91910,0,0
pa04014,0,0
pa04502,0,0
pa04030,0,0
pa04057,0,0
pa04073,0,0
pa04090,0,0
pa04111,0,0
pa04138,0,0
pa04154,0,0
pa04723,0,0
pa04170,0,0
pa04340,0,0
pa04197,0,0
pa04219,0,0
pa04235,0,0
pa04588,0,0
pa04251,0,0
pa04804,0,0
pa04278,0,0
pa04294,0,0
pa04049,0,0
pa04316,0,0
pa04332,0,0
pa04227,0,0
pa05932,0,0
pa04448,0,0
pa04359,0,0
pa04375,0,0
pa04391,0,0
pa04766,0,0
pa04413,0,0
pa04707,0,0
pa04430,0,0
pa04456,0,0
pa04472,0,0
pa04499,0,0
pa04510,0,0
pa04537,0,0
pa05819,0,0
pa04529,0,0
pa05851,0,0
pa04553,0,0
pa04740,0,0
pa04570,0,0
pa05975,0,0
pa04120,0,0
pa04596,0,0
pa04561,0,0
pa05878,0,0
pa04006,0,0
pa04618,0,0
pa04634,0,0
pa04650,0,0
pa04677,0,0
pa04189,0,0
pa04693,0,0
pa04715,0,0
pa04731,0,0
pa04200,0,0
pa04758,0,0
pa04774,0,0
pa04790,0,0
pa04812,0,0
pa04839,0,0
pa04855,0,0
pa04871,0,0
pa04642,0,0
pa05770,0,0
pa04898,0,0
pa04910,0,0
pa04936,0,0
pa04863,0,0
pa04952,0,0
pa04979,0,0
pa04103,0,0
pa04480,0,0
pa04600,0,0
pa04995,0,0
pa04383,0,0
pa04421,0,0
pa05037,0,0
pa05053,0,0
pa05959,0,0
pa05070,0,0
pa05916,0,0
pa04162,0,0
pa05096,0,0
pa05835,0,0
pa04308,0,0
pa05118,0,0
pa04782,0,0
pa04626,0,0
pa05134,0,0
pa05150,0,0
pa05177,0,0
pa05193,0,0
pa05215,0,0
pa04685,0,0
pa05673,0,0
pa05690,0,0
pa05738,0,0
pa05894,0,0
pa05231,0,0
pa05258,0,0
pa04243,0,0
pa05274,0,0
pa05290,0,0
pa04146,0,0
pa05991,0,0
pa05312,0,0
pa05339,0,0
pa05355,0,0
pa05371,0,0
pa05398,0,0
pa04847,0,0
pa05550,0,0
pa05576,0,0
pa05410,0,0
pa04464,0,0
pa05436,0,0
pa05479,0,0
pa05452,0,0
pa05797,0,0
pa04820,0,0
pa04065,0,0
pa05495,0,0
pa05517,0,0
pa05533,0,0
pa04022,0,0
pa04545,0,0
pa04367,0,0
pa05592,0,0
pa04669,0,0
pa04286,0,0
pa04081,0,0
pa05614,0,0
pa04324,0,0
pa05754,0,0
pa05630,0,0
pa05657,0,0
pa04405,0,0
pa05711,0,0
pa04260,0,0
pa05010,0,0
pb19038,0,0
pb19054,0,0
pb19070,0,0
pb19097,0,0
pb19763,0,0
pb19925,0,0
pb19119,0,0
pb19585,0,0
pb19844,0,0
pb19178,0,0
pb19194,0,0
pb19151,0,0
pb19216,0,0
pb19909,0,0
pb19232,0,0
pb19259,0,0
pb19321,0,0
pb19313,0,0
pb19305,0,0
pb19330,0,0
pb19780,0,0
pb19356,0,0
pb19372,0,0
pb19291,0,0
pb19399,0,0
pb19410,0,0
pb19500,0,0
pb19437,0,0
pb19941,0,0
pb19453,0,0
pb19470,0,0
pb19496,0,0
pb19518,0,0
pb19550,0,0
pb19577,0,0
pb19593,0,0
pb19615,0,0
pb19631,0,0
pb19658,0,0
pb19674,0,0
pb19690,0,0
pb19712,0,0
pb19364,0,0
pb19739,0,0
pb19755,0,0
pb19380,0,0
pb19771,0,0
pb19798,0,0
pb19810,0,0
pb19062,0,0
pb19240,0,0
pb19836,0,0
pb19607,0,0
pb19852,0,0
pb19879,0,0
pb19801,0,0
pb19895,0,0
pb19917,0,0
pb19933,0,0
pb19950,0,0
pb19976,0,0
pb19704,0,0
pb19992,0,0
pb20010,0,0
pb20052,0,0
pb20036,0,0
pb19089,0,0
pb19100,0,0
pb20079,0,0
pb19275,0,0
pb20095,0,0
pb20133,0,0
pb20150,0,0
pb20176,0,0
pb20192,0,0
pb20214,0,0
pb20230,0,0
pb20257,0,0
pb19623,0,0
pb20273,0,0
pb20290,0,0
pb20311,0,0
pb20338,0,0
pb19534,0,0
pb20354,0,0
pb20370,0,0
pb20397,0,0
pb20419,0,0
pb20435,0,0
pb20451,0,0
pb20478,0,0
pb20494,0,0
pb20516,0,0
pb20532,0,0
pb20559,0,0
pb20575,0,0
pb20591,0,0
pb20613,0,0
pb20630,0,0
pb20656,0,0
pb20672,0,0
pb20699,0,0
pb20710,0,0
pb19160,0,0
pb20737,0,0
pb20770,0,0
pb20796,0,0
pb20818,0,0
pb19968,0,0
pb20834,0,0
pb19461,0,0
pb20850,0,0
pb20877,0,0
pb19143,0,0
pb19488,0,0
pb19984,0,0
pb20893,0,0
pb20915,0,0
pb20931,0,0
pb20958,0,0
pb20974,0,0
pb20753,0,0
pb20990,0,0
pb21016,0,0
pb21032,0,0
pb21059,0,0
pb21075,0,0
pb21091,0,0
pb21113,0,0
pb21130,0,0
pb19720,0,0
pb21156,0,0
pb21172,0,0
pb21199,0,0
pb21210,0,0
pb21237,0,0
pb21253,0,0
pb19747,0,0
pb21270,0,0
pb21296,0,0
pb21318,0,0
pb21334,0,0
pb21350,0,0
pb21377,0,0
pb21393,0,0
pb21415,0,0
pb21431,0,0
pb19640,0,0
pb19526,0,0
pb21458,0,0
pb21474,0,0
pb21490,0,0
pb21512,0,0
pb21539,0,0
pb21555,0,0
pb19828,0,0
pb21571,0,0
pb19208,0,0
pb19127,0,0
pb19003,0,0
pb21598,0,0
pb21610,0,0
pb21636,0,0
pb20001,0,0
pb21652,0,0
pb21679,0,0
pb19569,0,0
pb21695,0,0
pb21750,0,0
pb21776,0,0
pb21717,0,0
pb21733,0,0
pb19666,0,0
pb19267,0,0
pb22071,0,0
pb22110,0,0
pb22136,0,0
pb22152,0,0
pb22179,0,0
pb22195,0,0
pb19186,0,0
pb19020,0,0
pb22233,0,0
pb22217,0,0
pb19283,0,0
pb22250,0,0
pb22276,0,0
pb19402,0,0
pb21792,0,0
pb19429,0,0
pb19224,0,0
pb19860,0,0
pb21857,0,0
pb21873,0,0
pb21890,0,0
pb21911,0,0
pb19445,0,0
pb21938,0,0
pb19542,0,0
pb21954,0,0
pb21970,0,0
pb19046,0,0
pb21814,0,0
pb19135,0,0
pb21830,0,0
pb21997,0,0
pb22012,0,0
pb22039,0,0
pb22055,0,0
pb22098,0,0
pb22292,0,0
pb22314,0,0
pb22330,0,0
pb22357,0,0
pb19682,0,0
pb22373,0,0
pb22390,0,0
pb22411,0,0
pb19887,0,0
pb20117,0,0
pb22438,0,0
pb19348,0,0
pb19011,0,0
pe26310,0,0
pe23019,0,0
pe23035,0,0
pe23051,0,0
pe23116,0,0
pe23132,0,0
pe23159,0,0
pe23175,0,0
pe23191,0,0
pe23213,0,0
pe23205,0,0
pe23230,0,0
pe23256,0,0
pe23272,0,0
pe23337,0,0
pe23299,0,0
pe23310,0,0
pe23353,0,0
pe23370,0,0
pe23396,0,0
pe23418,0,0
pe23434,0,0
pe23450,0,0
pe23493,0,0
pe23515,0,0
pe23477,0,0
pe23531,0,0
pe23558,0,0
pe23574,0,0
pe23590,0,0
pe23612,0,0
pe23639,0,0
pe23671,0,0
pe23655,0,0
pe26298,0,0
pe23698,0,0
pe23710,0,0
pe23736,0,0
pe23752,0,0
pe23167,0,0
pe23779,0,0
pe23795,0,0
pe23817,0,0
pe23221,0,0
pe23833,0,0
pe23850,0,0
pe23876,0,0
pe23892,0,0
pe23914,0,0
pe23930,0,0
pe23957,0,0
pe23973,0,0
pe23990,0,0
pe24015,0,0
pe23140,0,0
pe24031,0,0
pe24058,0,0
pe24074,0,0
pe30015,0,0
pe24090,0,0
pe24112,0,0
pe24139,0,0
pe24155,0,0
pe24171,0,0
pe24198,0,0
pe24210,0,0
pe24236,0,0
pe24252,0,0
pe24279,0,0
pe24295,0,0
pe24317,0,0
pe24333,0,0
pe24350,0,0
pe24376,0,0
pe24511,0,0
pe24392,0,0
pe24414,0,0
pe24430,0,0
pe24457,0,0
pe24473,0,0
pe25976,0,0
pe24538,0,0
pe26336,0,0
pe24554,0,0
pe24490,0,0
pe24570,0,0
pe23302,0,0
pe24597,0,0
pe23264,0,0
pe24635,0,0
pe24619,0,0
pe23124,0,0
pe24651,0,0
pe24678,0,0
pe24694,0,0
pe23027,0,0
pe24716,0,0
pe24732,0,0
pe23183,0,0
pe24759,0,0
pe24775,0,0
pe24791,0,0
pe24813,0,0
pe23248,0,0
pe24830,0,0
pe24856,0,0
pe25852,0,0
pe24872,0,0
pe24899,0,0
pe24910,0,0
pe24937,0,0
pe24953,0,0
pe24970,0,0
pe24996,0,0
pe25011,0,0
pe25038,0,0
pe25054,0,0
pe25070,0,0
pe25097,0,0
pe25119,0,0
pe25135,0,0
pe25151,0,0
pe25178,0,0
pe25216,0,0
pe25194,0,0
pe25259,0,0
pe25232,0,0
pe25275,0,0
pe25291,0,0
pe23000,0,0
pe25313,0,0
pe25330,0,0
pe25356,0,0
pe25372,0,0
pe25399,0,0
pe25410,0,0
pe25437,0,0
pe25453,0,0
pe25470,0,0
pe23108,0,0
pe23043,0,0
pe25496,0,0
pe23329,0,0
pe25518,0,0
pe25534,0,0
pe25550,0,0
pe25771,0,0
pe25798,0,0
pe25810,0,0
pe25836,0,0
pe25879,0,0
pe25895,0,0
pe25577,0,0
pe25593,0,0
pe25615,0,0
pe25658,0,0
pe25674,0,0
pe25690,0,0
pe25712,0,0
pe25631,0,0
pe25739,0,0
pe25755,0,0
pe25917,0,0
pe25933,0,0
pe25950,0,0
pe23280,0,0
pe25992,0,0
pe26018,0,0
pe26034,0,0
pe26050,0,0
pe26077,0,0
pe26093,0,0
pe26115,0,0
pe26131,0,0
pe26158,0,0
pe26174,0,0
pe26190,0,0
pe26212,0,0
pe23086,0,0
pe26239,0,0
pe26255,0,0
pe26271,0,0
pe23060,0,0
pe23078,0,0
pe23094,0,0
pi12327,0,0
pi10014,0,0
pi12319,0,0
pi10022,0,0
pi10057,0,0
pi10073,0,0
pi12084,0,0
pi10090,0,0
pi10111,0,0
pi10154,0,0
pi10138,0,0
pi10170,0,0
pi12734,0,0
pi10197,0,0
pi12106,0,0
pi10219,0,0
pi10049,0,0
pi10600,0,0
pi10235,0,0
pi10251,0,0
pi10278,0,0
pi10294,0,0
pi10626,0,0
pi12335,0,0
pi10316,0,0
pi10332,0,0
pi12122,0,0
pi10669,0,0
pi10359,0,0
pi10375,0,0
pi10065,0,0
pi10081,0,0
pi12149,0,0
pi10006,0,0
pi10642,0,0
pi10391,0,0
pi10103,0,0
pi10120,0,0
pi12343,0,0
pi12572,0,0
pi10146,0,0
pi10413,0,0
pi12351,0,0
pi10723,0,0
pi10740,0,0
pi10430,0,0
pi10162,0,0
pi10456,0,0
pi10472,0,0
pi10707,0,0
pi10499,0,0
pi12670,0,0
pi12165,0,0
pi10510,0,0
pi12688,0,0
pi10537,0,0
pi12360,0,0
pi12696,0,0
pi10189,0,0
pi10200,0,0
pi10227,0,0
pi10553,0,0
pi10243,0,0
pi10570,0,0
pi10596,0,0
pi10618,0,0
pi10634,0,0
pi10766,0,0
pi12181,0,0
pi12580,0,0
pi10650,0,0
pi12297,0,0
pi10677,0,0
pi10685,0,0
pi11410,0,0
pi10693,0,0
pi10715,0,0
pi10731,0,0
pi10260,0,0
pi10758,0,0
pi12637,0,0
pi10774,0,0
pi10790,0,0
pi10812,0,0
pi12378,0,0
pi10839,0,0
pi10855,0,0
pi10782,0,0
pi10871,0,0
pi10898,0,0
pi10804,0,0
pi10910,0,0
pi10820,0,0
pi10936,0,0
pi10952,0,0
pi10979,0,0
pi10995,0,0
pi11010,0,0
pi10286,0,0
pi11037,0,0
pi10308,0,0
pi12394,0,0
pi11053,0,0
pi11070,0,0
pi12408,0,0
pi11096,0,0
pi12386,0,0
pi12416,0,0
pi10847,0,0
pi12203,0,0
pi10324,0,0
pi10863,0,0
pi10340,0,0
pi12424,0,0
pi12220,0,0
pi12432,0,0
pi11118,0,0
pi11134,0,0
pi11150,0,0
pi12440,0,0
pi11177,0,0
pi10367,0,0
pi11193,0,0
pi12467,0,0
pi11215,0,0
pi11231,0,0
pi11258,0,0
pi12246,0,0
pi11274,0,0
pi11290,0,0
pi11312,0,0
pi10880,0,0
pi12459,0,0
pi12475,0,0
pi11339,0,0
pi12726,0,0
pi10928,0,0
pi11355,0,0
pi10960,0,0
pi11371,0,0
pi10901,0,0
pi11398,0,0
pi12483,0,0
pi11436,0,0
pi11452,0,0
pi12262,0,0
pi11479,0,0
pi11495,0,0
pi10944,0,0
pi11517,0,0
pi11533,0,0
pi10405,0,0
pi10383,0,0
pi12718,0,0
pi11550,0,0
pi12289,0,0
pi11576,0,0
pi12491,0,0
pi11592,0,0
pi11614,0,0
pi11630,0,0
pi11657,0,0
pi11673,0,0
pi11690,0,0
pi12599,0,0
pi11711,0,0
pi10421,0,0
pi11738,0,0
pi11754,0,0
pi12300,0,0
pi12602,0,0
pi11770,0,0
pi11797,0,0
pi11819,0,0
pi10448,0,0
pi11835,0,0
pi11851,0,0
pi10464,0,0
pi10480,0,0
pi11878,0,0
pi12653,0,0
pi11894,0,0
pi12041,0,0
pi12068,0,0
pi10545,0,0
pi12157,0,0
pi12130,0,0
pi12173,0,0
pi12513,0,0
pi10502,0,0
pi12505,0,0
pi11932,0,0
pi11916,0,0
pi12610,0,0
pi11959,0,0
pi10529,0,0
pi12017,0,0
pi12033,0,0
pi11088,0,0
pi12009,0,0
pi11975,0,0
pi12025,0,0
pi10987,0,0
pi11991,0,0
pi12050,0,0
pi10561,0,0
pi12629,0,0
pi12661,0,0
pi12700,0,0
pi12076,0,0
pi12092,0,0
pi12114,0,0
pi12530,0,0
pi12521,0,0
pi12190,0,0
pi12211,0,0
pi12238,0,0
pi12254,0,0
pi12556,0,0
pi12548,0,0
pi10588,0,0
pi12270,0,0
pi12564,0,0
pi10030,0,0
pr74012,0,0
pr74039,0,0
pr74055,0,0
pr74071,0,0
pr84557,0,0
pr74098,0,0
pr74926,0,0
pr74110,0,0
pr79510,0,0
pr74136,0,0
pr74152,0,0
pr74179,0,0
pr74101,0,0
pr74195,0,0
pr74217,0,0
pr74233,0,0
pr74250,0,0
pr74276,0,0
pr74292,0,0
pr75108,0,0
pr74314,0,0
pr74357,0,0
pr75086,0,0
pr74373,0,0
pr79537,0,0
pr74390,0,0
pr74411,0,0
pr74438,0,0
pr74454,0,0
pr74470,0,0
pr74519,0,0
pr74497,0,0
pr75124,0,0
pr74535,0,0
pr74551,0,0
pr74578,0,0
pr74144,0,0
pr75140,0,0
pr79812,0,0
pr74594,0,0
pr75167,0,0
pr74616,0,0
pr74160,0,0
pr74632,0,0
pr79839,0,0
pr74187,0,0
pr74659,0,0
pr79855,0,0
pr74209,0,0
pr74675,0,0
pr74691,0,0
pr74730,0,0
pr74713,0,0
pr74756,0,0
pr75183,0,0
pr74772,0,0
pr74780,0,0
pr74799,0,0
pr74810,0,0
pr75205,0,0
pr74837,0,0
pr74225,0,0
pr84514,0,0
pr74870,0,0
pr74896,0,0
pr75221,0,0
pr74918,0,0
pr74934,0,0
pr74950,0,0
pr74977,0,0
pr74993,0,0
pr75019,0,0
pr75035,0,0
pr75051,0,0
pr75078,0,0
pr75094,0,0
pr75132,0,0
pr75159,0,0
pr75175,0,0
pr75191,0,0
pr75213,0,0
pr75230,0,0
pr75256,0,0
pr75248,0,0
pr75272,0,0
pr75280,0,0
pr75337,0,0
pr74241,0,0
pr75299,0,0
pr75310,0,0
pr75264,0,0
pr75353,0,0
pr75370,0,0
pr74853,0,0
pr79570,0,0
pr75400,0,0
pr75396,0,0
pr74268,0,0
pr75418,0,0
pr84654,0,0
pr75434,0,0
pr74942,0,0
pr75477,0,0
pr74284,0,0
pr75450,0,0
pr75302,0,0
pr75329,0,0
pr74306,0,0
pr75493,0,0
pr74322,0,0
pr75345,0,0
pr84573,0,0
pr74349,0,0
pr75531,0,0
pr75558,0,0
pr75574,0,0
pr75590,0,0
pr75612,0,0
pr75639,0,0
pr75361,0,0
pr79774,0,0
pr75655,0,0
pr75515,0,0
pr75671,0,0
pr74004,0,0
pr75698,0,0
pr75388,0,0
pr79596,0,0
pr75736,0,0
pr75426,0,0
pr75752,0,0
pr75779,0,0
pr75795,0,0
pr75817,0,0
pr75833,0,0
pr75850,0,0
pr75876,0,0
pr75710,0,0
pr74365,0,0
pr75892,0,0
pr74020,0,0
pr75914,0,0
pr75930,0,0
pr75957,0,0
pr74381,0,0
pr75442,0,0
pr75973,0,0
pr76015,0,0
pr79618,0,0
pr75990,0,0
pr76031,0,0
pr76058,0,0
pr74403,0,0
pr76074,0,0
pr76090,0,0
pr76112,0,0
pr75000,0,0
pr76139,0,0
pr76155,0,0
pr76171,0,0
pr74446,0,0
pr76198,0,0
pr76236,0,0
pr76252,0,0
pr74462,0,0
pr76210,0,0
pr76279,0,0
pr76295,0,0
pr76317,0,0
pr76333,0,0
pr76350,0,0
pr76376,0,0
pr76392,0,0
pr76414,0,0
pr76430,0,0
pr76457,0,0
pr76473,0,0
pr79979,0,0
pr76490,0,0
pr76511,0,0
pr84638,0,0
pr76538,0,0
pr76554,0,0
pr76570,0,0
pr74985,0,0
pr76597,0,0
pr76619,0,0
pr74489,0,0
pr74047,0,0
pr76635,0,0
pr76651,0,0
pr76678,0,0
pr75809,0,0
pr84590,0,0
pr76694,0,0
pr76716,0,0
pr76732,0,0
pr76775,0,0
pr76759,0,0
pr76791,0,0
pr75469,0,0
pr75116,0,0
pr76813,0,0
pr76830,0,0
pr76856,0,0
pr76872,0,0
pr79758,0,0
pr76899,0,0
pr74330,0,0
pr76910,0,0
pr74500,0,0
pr76937,0,0
pr76953,0,0
pr75485,0,0
pr76970,0,0
pr76996,0,0
pr79634,0,0
pr74527,0,0
pr74543,0,0
pr77011,0,0
pr74560,0,0
pr77038,0,0
pr77054,0,0
pr84697,0,0
pr77070,0,0
pr77097,0,0
pr77119,0,0
pr77135,0,0
pr77151,0,0
pr77178,0,0
pr79650,0,0
pr77194,0,0
pr77216,0,0
pr75027,0,0
pr77232,0,0
pr74586,0,0
pr77259,0,0
pr79677,0,0
pr79952,0,0
pr74608,0,0
pr79790,0,0
pr75760,0,0
pr74420,0,0
pr77275,0,0
pr77291,0,0
pr74063,0,0
pr77313,0,0
pr77330,0,0
pr77356,0,0
pr77372,0,0
pr77399,0,0
pr77437,0,0
pr77453,0,0
pr77470,0,0
pr77496,0,0
pr77410,0,0
pr74624,0,0
pr77518,0,0
pr77534,0,0
pr77550,0,0
pr77577,0,0
pr75507,0,0
pr75043,0,0
pr74640,0,0
pr77631,0,0
pr77658,0,0
pr77690,0,0
pr77674,0,0
pr77712,0,0
pr74667,0,0
pr77615,0,0
pr77739,0,0
pr77755,0,0
pr77771,0,0
pr75523,0,0
pr77798,0,0
pr77810,0,0
pr75540,0,0
pr77836,0,0
pr77852,0,0
pr75566,0,0
pr79910,0,0
pr77879,0,0
pr77895,0,0
pr77917,0,0
pr79693,0,0
pr77593,0,0
pr75582,0,0
pr77933,0,0
pr77950,0,0
pr74683,0,0
pr79553,0,0
pr77976,0,0
pr77992,0,0
pr78018,0,0
pr74705,0,0
pr78034,0,0
pr74721,0,0
pr78050,0,0
pr78077,0,0
pr78093,0,0
pr78115,0,0
pr75604,0,0
pr78131,0,0
pr78158,0,0
pr78174,0,0
pr78190,0,0
pr74748,0,0
pr75620,0,0
pr78212,0,0
pr78239,0,0
pr78255,0,0
pr78271,0,0
pr78298,0,0
pr75744,0,0
pr78310,0,0
pr78336,0,0
pr78352,0,0
pr78379,0,0
pr78395,0,0
pr78417,0,0
pr78433,0,0
pr78450,0,0
pr79715,0,0
pr78476,0,0
pr78492,0,0
pr78514,0,0
pr74764,0,0
pr74802,0,0
pr78530,0,0
pr74829,0,0
pr74080,0,0
pr84670,0,0
pr78557,0,0
pr78611,0,0
pr78590,0,0
pr78638,0,0
pr78573,0,0
pr78654,0,0
pr78999,0,0
pr84611,0,0
pr75060,0,0
pr79014,0,0
pr75647,0,0
pr79030,0,0
pr79057,0,0
pr79073,0,0
pr75787,0,0
pr78670,0,0
pr78697,0,0
pr78816,0,0
pr78794,0,0
pr79995,0,0
pr78832,0,0
pr84719,0,0
pr78859,0,0
pr78719,0,0
pr78735,0,0
pr78751,0,0
pr78778,0,0
pr74845,0,0
pr78875,0,0
pr78891,0,0
pr74861,0,0
pr78913,0,0
pr78930,0,0
pr78956,0,0
pr78972,0,0
pr75663,0,0
pr79090,0,0
pr79111,0,0
pr79731,0,0
pr79138,0,0
pr79154,0,0
pr79170,0,0
pr79197,0,0
pr79219,0,0
pr79235,0,0
pr79251,0,0
pr79278,0,0
pr79294,0,0
pr79871,0,0
pr74888,0,0
pr79316,0,0
pr79936,0,0
pr84530,0,0
pr79332,0,0
pr79359,0,0
pr79391,0,0
pr79375,0,0
pr79413,0,0
pr74900,0,0
pr79898,0,0
pr79456,0,0
pr74969,0,0
pr79472,0,0
pr79430,0,0
pr79499,0,0
pr74128,0,0
rj58017,0,0
rj58181,0,0
rj58033,0,0
rj58220,0,0
rj58408,0,0
rj59277,0,0
rj58050,0,0
rj58076,0,0
rj58041,0,0
rj58092,0,0
rj58114,0,0
rj58130,0,0
rj58157,0,0
rj58173,0,0
rj58190,0,0
rj58211,0,0
rj58300,0,0
rj58068,0,0
rj58238,0,0
rj58254,0,0
rj58165,0,0
rj58270,0,0
rj58297,0,0
rj58319,0,0
rj58335,0,0
rj58351,0,0
rj58106,0,0
rj58262,0,0
rj58378,0,0
rj58394,0,0
rj59293,0,0
rj58416,0,0
rj58432,0,0
rj58440,0,0
rj58149,0,0
rj58459,0,0
rj58475,0,0
rj58386,0,0
rj58491,0,0
rj58513,0,0
rj58530,0,0
rj58556,0,0
rj58467,0,0
rj58572,0,0
rj58599,0,0
rj58610,0,0
rj58637,0,0
rj58653,0,0
rj58670,0,0
rj58696,0,0
rj58718,0,0
rj58750,0,0
rj58734,0,0
rj59315,0,0
rj58777,0,0
rj58246,0,0
rj58793,0,0
rj58815,0,0
rj58327,0,0
rj58025,0,0
rj58122,0,0
rj58009,0,0
rj58831,0,0
rj58858,0,0
rj58874,0,0
rj58890,0,0
rj58203,0,0
rj60011,0,0
rj58912,0,0
rj58939,0,0
rj59072,0,0
rj59099,0,0
rj58424,0,0
rj59110,0,0
rj59137,0,0
rj58955,0,0
rj58289,0,0
rj58971,0,0
rj58343,0,0
rj59331,0,0
rj58998,0,0
rj59013,0,0
rj59030,0,0
rj59056,0,0
rj58360,0,0
rj59153,0,0
rj59170,0,0
rj59196,0,0
rj59218,0,0
rj58084,0,0
rj59234,0,0
rj59250,0,0
rn16012,0,0
rn16055,0,0
rn16098,0,0
rn16110,0,0
rn16136,0,0
rn16152,0,0
rn16179,0,0
rn16195,0,0
rn16217,0,0
rn16233,0,0
rn16039,0,0
rn30031,0,0
rn16292,0,0
rn16276,0,0
rn16314,0,0
rn17035,0,0
rn16101,0,0
rn16330,0,0
rn16357,0,0
rn16390,0,0
rn16047,0,0
rn16373,0,0
rn16250,0,0
rn16411,0,0
rn16438,0,0
rn16454,0,0
rn16497,0,0
rn16470,0,0
rn16519,0,0
rn16535,0,0
rn16551,0,0
rn16578,0,0
rn16594,0,0
rn16616,0,0
rn16632,0,0
rn16659,0,0
rn16675,0,0
rn16691,0,0
rn16713,0,0
rn16730,0,0
rn16144,0,0
rn16756,0,0
rn16772,0,0
rn17515,0,0
rn16799,0,0
rn16810,0,0
rn16837,0,0
rn16853,0,0
rn16870,0,0
rn16896,0,0
rn16918,0,0
rn16934,0,0
rn16080,0,0
rn16950,0,0
rn16993,0,0
rn17019,0,0
rn17051,0,0
rn17078,0,0
rn17094,0,0
rn17116,0,0
rn16977,0,0
rn17175,0,0
rn17132,0,0
rn17159,0,0
rn17191,0,0
rn16306,0,0
rn17230,0,0
rn17256,0,0
rn17272,0,0
rn17299,0,0
rn17310,0,0
rn17337,0,0
rn17353,0,0
rn17370,0,0
rn17396,0,0
rn17434,0,0
rn17418,0,0
rn16160,0,0
rn17450,0,0
rn17477,0,0
rn17493,0,0
rn17213,0,0
rn17531,0,0
rn17558,0,0
rn17574,0,0
rn17590,0,0
rn17612,0,0
rn17655,0,0
rn17639,0,0
rn17671,0,0
rn17698,0,0
rn17710,0,0
rn17752,0,0
rn17736,0,0
rn17779,0,0
rn17795,0,0
rn17817,0,0
rn17833,0,0
rn17850,0,0
rn17876,0,0
rn17892,0,0
rn17914,0,0
rn17930,0,0
rn17957,0,0
rn17973,0,0
rn17990,0,0
rn18031,0,0
rn16284,0,0
rn18015,0,0
rn18074,0,0
rn18090,0,0
rn18937,0,0
rn18112,0,0
rn18139,0,0
rn18155,0,0
rn16268,0,0
rn18171,0,0
rn18198,0,0
rn18236,0,0
rn16241,0,0
rn18279,0,0
rn18252,0,0
rn18295,0,0
rn18597,0,0
rn18619,0,0
rn18058,0,0
rn18635,0,0
rn16020,0,0
rn18651,0,0
rn18678,0,0
rn16209,0,0
rn18694,0,0
rn18317,0,0
rn18333,0,0
rn18350,0,0
rn18210,0,0
rn18376,0,0
rn18414,0,0
rn18430,0,0
rn18457,0,0
rn18392,0,0
rn18473,0,0
rn16063,0,0
rn18490,0,0
rn18511,0,0
rn18538,0,0
rn18554,0,0
rn18570,0,0
rn18716,0,0
rn18732,0,0
rn18759,0,0
rn18775,0,0
rn18791,0,0
rn16004,0,0
rn16225,0,0
rn18813,0,0
rn18830,0,0
rn18856,0,0
rn16128,0,0
rn18872,0,0
rn18899,0,0
rn16187,0,0
rn18953,0,0
rn18996,0,0
rn18970,0,0
rn18910,0,0
rn16071,0,0
ro00310,0,0
ro00736,0,0
ro00639,0,0
ro00337,0,0
ro00078,0,0
ro00779,0,0
ro00450,0,0
ro00620,0,0
ro00094,0,0
ro00671,0,0
ro00477,0,0
ro00531,0,0
ro00272,0,0
ro00809,0,0
ro00230,0,0
ro00655,0,0
ro00213,0,0
ro00680,0,0
ro00256,0,0
ro00612,0,0
ro00019,0,0
ro00493,0,0
ro00159,0,0
ro00051,0,0
ro00396,0,0
ro00604,0,0
ro00574,0,0
ro00663,0,0
ro00370,0,0
ro00434,0,0
ro00744,0,0
ro00515,0,0
ro00175,0,0
ro00701,0,0
ro00116,0,0
ro00787,0,0
ro00035,0,0
ro00191,0,0
ro00728,0,0
ro00647,0,0
ro00299,0,0
ro00353,0,0
ro00582,0,0
ro00710,0,0
ro00795,0,0
ro00418,0,0
ro00752,0,0
ro00590,0,0
ro00566,0,0
ro00698,0,0
ro00558,0,0
ro00132,0,0
rr03050,0,0
rr03042,0,0
rr03018,0,0
rr03077,0,0
rr03069,0,0
rr03034,0,0
rr03000,0,0
rr03026,0,0
rr03093,0,0
rr03115,0,0
rr03123,0,0
rr03085,0,0
rr03131,0,0
rr03158,0,0
rr03107,0,0
rs88986,0,0
rs85014,0,0
rs85030,0,0
rs85057,0,0
rs85073,0,0
rs85545,0,0
rs89001,0,0
rs85090,0,0
rs84808,0,0
rs86282,0,0
rs85111,0,0
rs86045,0,0
rs86304,0,0
rs86100,0,0
rs85138,0,0
rs85154,0,0
rs86320,0,0
rs88862,0,0
rs85170,0,0
rs85197,0,0
rs89028,0,0
rs85308,0,0
rs85235,0,0
rs85219,0,0
rs85251,0,0
rs85278,0,0
rs85294,0,0
rs85316,0,0
rs88927,0,0
rs86363,0,0
rs88625,0,0
rs85375,0,0
rs86380,0,0
rs86401,0,0
rs85359,0,0
rs85391,0,0
rs86223,0,0
rs85332,0,0
rs86347,0,0
rs88420,0,0
rs85413,0,0
rs86428,0,0
rs85430,0,0
rs89044,0,0
rs89060,0,0
rs88161,0,0
rs85456,0,0
rs98230,0,0
rs86444,0,0
rs85472,0,0
rs84921,0,0
rs85499,0,0
rs89087,0,0
rs85510,0,0
rs85065,0,0
rs85537,0,0
rs85570,0,0
rs85596,0,0
rs85618,0,0
rs85634,0,0
rs85650,0,0
rs85677,0,0
rs85693,0,0
rs85960,0,0
rs85715,0,0
rs86460,0,0
rs85731,0,0
rs85758,0,0
rs85774,0,0
rs85790,0,0
rs85200,0,0
rs85812,0,0
rs86487,0,0
rs85855,0,0
rs85871,0,0
rs85898,0,0
rs89109,0,0
rs84891,0,0
rs86509,0,0
rs88200,0,0
rs89125,0,0
rs89150,0,0
rs89141,0,0
rs89737,0,0
rs85910,0,0
rs88340,0,0
rs85936,0,0
rs86525,0,0
rs85952,0,0
rs85880,0,0
rs85979,0,0
rs85995,0,0
rs85553,0,0
rs86541,0,0
rs88641,0,0
rs86088,0,0
rs85227,0,0
rs85944,0,0
rs86010,0,0
rs86037,0,0
rs86932,0,0
rs86568,0,0
rs86053,0,0
rs88269,0,0
rs88846,0,0
rs85804,0,0
rs86070,0,0
rs86584,0,0
rs86096,0,0
rs86118,0,0
rs86134,0,0
rs89168,0,0
rs86606,0,0
rs86622,0,0
rs86150,0,0
rs89184,0,0
rs89770,0,0
rs86649,0,0
rs86177,0,0
rs85464,0,0
rs88528,0,0
rs86193,0,0
rs89206,0,0
rs86215,0,0
rs85839,0,0
rs86231,0,0
rs86665,0,0
rs85049,0,0
rs88188,0,0
rs86258,0,0
rs86681,0,0
rs84824,0,0
rs86274,0,0
rs86290,0,0
rs88463,0,0
rs86312,0,0
rs84883,0,0
rs88307,0,0
rs86240,0,0
rs86339,0,0
rs86355,0,0
rs86703,0,0
rs85928,0,0
rs85103,0,0
rs85081,0,0
rs86371,0,0
rs85022,0,0
rs86410,0,0
rs86436,0,0
rs86452,0,0
rs88285,0,0
rs86479,0,0
rs85286,0,0
rs86517,0,0
rs86533,0,0
rs88404,0,0
rs86495,0,0
rs85448,0,0
rs84930,0,0
rs86550,0,0
rs86576,0,0
rs86029,0,0
rs88366,0,0
rs86592,0,0
rs86614,0,0
rs88242,0,0
rs86630,0,0
rs86657,0,0
rs89222,0,0
rs98272,0,0
rs86673,0,0
rs86690,0,0
rs86720,0,0
rs86711,0,0
rs86738,0,0
rs86746,0,0
rs86770,0,0
rs86797,0,0
rs85502,0,0
rs86819,0,0
rs86762,0,0
rs86789,0,0
rs86835,0,0
rs84867,0,0
rs86878,0,0
rs86894,0,0
rs86851,0,0
rs85189,0,0
rs86398,0,0
rs88323,0,0
rs86916,0,0
rs86800,0,0
rs86959,0,0
rs84972,0,0
rs86975,0,0
rs86991,0,0
rs84964,0,0
rs87017,0,0
rs87033,0,0
rs87050,0,0
rs87076,0,0
rs85685,0,0
rs85782,0,0
rs87092,0,0
rs86827,0,0
rs85243,0,0
rs84999,0,0
rs87114,0,0
rs88382,0,0
rs85901,0,0
rs86843,0,0
rs87130,0,0
rs89249,0,0
rs87157,0,0
rs85626,0,0
rs87173,0,0
rs84786,0,0
rs89265,0,0
rs87190,0,0
rs87238,0,0
rs87211,0,0
rs84905,0,0
rs88587,0,0
rs98299,0,0
rs87254,0,0
rs89281,0,0
rs86886,0,0
rs87270,0,0
rs85260,0,0
rs87297,0,0
rs86860,0,0
rs87319,0,0
rs87335,0,0
rs86908,0,0
rs86924,0,0
rs87351,0,0
rs88943,0,0
rs86940,0,0
rs86967,0,0
rs86983,0,0
rs87378,0,0
rs87394,0,0
rs87009,0,0
rs87416,0,0
rs88820,0,0
rs87432,0,0
rs87025,0,0
rs87041,0,0
rs89303,0,0
rs87459,0,0
rs88447,0,0
rs87068,0,0
rs87475,0,0
rs85820,0,0
rs88803,0,0
rs87084,0,0
rs87491,0,0
rs87106,0,0
rs87122,0,0
rs86185,0,0
rs87149,0,0
rs87513,0,0
rs88544,0,0
rs87165,0,0
rs87530,0,0
rs87181,0,0
rs87572,0,0
rs86169,0,0
rs87599,0,0
rs87610,0,0
rs87203,0,0
rs87637,0,0
rs88226,0,0
rs85120,0,0
rs84816,0,0
rs87653,0,0
rs87670,0,0
rs87696,0,0
rs87220,0,0
rs88560,0,0
rs84751,0,0
rs87246,0,0
rs87262,0,0
rs88684,0,0
rs87718,0,0
rs87289,0,0
rs87300,0,0
rs89320,0,0
rs87556,0,0
rs87734,0,0
rs87750,0,0
rs89672,0,0
rs87777,0,0
rs87793,0,0
rs87815,0,0
rs84980,0,0
rs87831,0,0
rs85987,0,0
rs87327,0,0
rs98256,0,0
rs88889,0,0
rs87343,0,0
rs87858,0,0
rs89346,0,0
rs85146,0,0
rs89567,0,0
rs87874,0,0
rs87890,0,0
rs87912,0,0
rs87360,0,0
rs85340,0,0
rs89362,0,0
rs87386,0,0
rs87408,0,0
rs87939,0,0
rs89540,0,0
rs84778,0,0
rs87955,0,0
rs87971,0,0
rs87440,0,0
rs87424,0,0
rs88013,0,0
rs88030,0,0
rs87467,0,0
rs87483,0,0
rs88056,0,0
rs87998,0,0
rs85421,0,0
rs86126,0,0
rs87505,0,0
rs84760,0,0
rs85405,0,0
rs88072,0,0
rs88099,0,0
rs89389,0,0
rs87521,0,0
rs84875,0,0
rs88110,0,0
rs85766,0,0
rs88137,0,0
rs87548,0,0
rs88153,0,0
rs88170,0,0
rs85740,0,0
rs88196,0,0
rs88218,0,0
rs89400,0,0
rs88234,0,0
rs88250,0,0
rs88277,0,0
rs88293,0,0
rs88315,0,0
rs87564,0,0
rs85561,0,0
rs89753,0,0
rs87580,0,0
rs88331,0,0
rs88358,0,0
rs88374,0,0
rs89247,0,0
rs87602,0,0
rs88390,0,0
rs89443,0,0
rs88412,0,0
rs86207,0,0
rs88471,0,0
rs87629,0,0
rs88498,0,0
rs88439,0,0
rs88455,0,0
rs88510,0,0
rs88552,0,0
rs88579,0,0
rs87645,0,0
rs87661,0,0
rs88595,0,0
rs88617,0,0
rs87688,0,0
rs88536,0,0
rs88994,0,0
rs89010,0,0
rs89036,0,0
rs89052,0,0
rs85707,0,0
rs85529,0,0
rs89079,0,0
rs88765,0,0
rs87882,0,0
rs89095,0,0
rs89117,0,0
rs87920,0,0
rs88706,0,0
rs89133,0,0
rs84956,0,0
rs87947,0,0
rs89176,0,0
rs89192,0,0
rs88633,0,0
rs84832,0,0
rs88650,0,0
rs88676,0,0
rs88692,0,0
rs88714,0,0
rs84794,0,0
rs87769,0,0
rs85588,0,0
rs85324,0,0
rs87742,0,0
rs88730,0,0
rs88757,0,0
rs89460,0,0
rs87726,0,0
rs84859,0,0
rs87700,0,0
rs88773,0,0
rs88790,0,0
rs88811,0,0
rs88838,0,0
rs88854,0,0
rs87785,0,0
rs85480,0,0
rs88870,0,0
rs88897,0,0
rs87807,0,0
rs89486,0,0
rs87823,0,0
rs88919,0,0
rs88935,0,0
rs88951,0,0
rs88978,0,0
rs87840,0,0
rs87866,0,0
rs85383,0,0
rs86754,0,0
rs87904,0,0
rs88722,0,0
rs89214,0,0
rs89230,0,0
rs89257,0,0
rs89273,0,0
rs89290,0,0
rs85669,0,0
rs89710,0,0
rs89311,0,0
rs85162,0,0
rs98213,0,0
rs89508,0,0
rs87963,0,0
rs88900,0,0
rs89338,0,0
rs89354,0,0
rs87980,0,0
rs85006,0,0
rs89435,0,0
rs84743,0,0
rs85367,0,0
rs89370,0,0
rs89397,0,0
rs88005,0,0
rs86142,0,0
rs89419,0,0
rs89451,0,0
rs84840,0,0
rs88021,0,0
rs89478,0,0
rs85723,0,0
rs89494,0,0
rs88501,0,0
rs88609,0,0
rs88480,0,0
rs88048,0,0
rs89516,0,0
rs89532,0,0
rs88064,0,0
rs88080,0,0
rs88668,0,0
rs84913,0,0
rs89559,0,0
rs89575,0,0
rs89591,0,0
rs88781,0,0
rs89613,0,0
rs89630,0,0
rs89656,0,0
rs89699,0,0
rs86061,0,0
rs88749,0,0
rs85642,0,0
rs88102,0,0
rs85600,0,0
rs85863,0,0
rs85847,0,0
rs88129,0,0
rs89524,0,0
rs88145,0,0
rs84948,0,0
rs84735,0,0
sc80225,0,0
sc80012,0,0
sc80039,0,0
sc80055,0,0
sc80136,0,0
sc81302,0,0
sc80152,0,0
sc80179,0,0
sc80195,0,0
sc80217,0,0
sc80233,0,0
sc80063,0,0
sc80489,0,0
sc80250,0,0
sc80276,0,0
sc80292,0,0
sc80314,0,0
sc80802,0,0
sc80330,0,0
sc80357,0,0
sc80373,0,0
sc81728,0,0
sc80683,0,0
sc80390,0,0
sc81744,0,0
sc82511,0,0
sc83909,0,0
sc81582,0,0
sc81760,0,0
sc80411,0,0
sc81221,0,0
sc80748,0,0
sc80438,0,0
sc80454,0,0
sc80470,0,0
sc81280,0,0
sc83895,0,0
sc81388,0,0
sc81469,0,0
sc80497,0,0
sc80985,0,0
sc80519,0,0
sc80535,0,0
sc80420,0,0
sc81787,0,0
sc80551,0,0
sc80594,0,0
sc80667,0,0
sc80616,0,0
sc80632,0,0
sc80659,0,0
sc80675,0,0
sc80691,0,0
sc80713,0,0
sc80730,0,0
sc80756,0,0
sc81027,0,0
sc81248,0,0
sc80772,0,0
sc80799,0,0
sc80578,0,0
sc80268,0,0
sc80381,0,0
sc81701,0,0
sc80810,0,0
sc80306,0,0
sc80837,0,0
sc81043,0,0
sc80853,0,0
sc81108,0,0
sc83950,0,0
sc80870,0,0
sc80896,0,0
sc80918,0,0
sc81620,0,0
sc80934,0,0
sc80950,0,0
sc80977,0,0
sc80993,0,0
sc80080,0,0
sc81426,0,0
sc81167,0,0
sc81019,0,0
sc81035,0,0
sc81604,0,0
sc81051,0,0
sc80888,0,0
sc81060,0,0
sc81078,0,0
sc81329,0,0
sc81094,0,0
sc81132,0,0
sc81159,0,0
sc81175,0,0
sc81116,0,0
sc81213,0,0
sc81191,0,0
sc81230,0,0
sc81256,0,0
sc81272,0,0
sc81299,0,0
sc80527,0,0
sc81310,0,0
sc81400,0,0
sc81337,0,0
sc81353,0,0
sc81396,0,0
sc81418,0,0
sc81434,0,0
sc81450,0,0
sc81477,0,0
sc81361,0,0
sc81493,0,0
sc80020,0,0
sc80829,0,0
sc81515,0,0
sc80187,0,0
sc81531,0,0
sc80861,0,0
sc81558,0,0
sc81590,0,0
sc81612,0,0
sc81639,0,0
sc81655,0,0
sc81663,0,0
sc81671,0,0
sc81574,0,0
sc81370,0,0
sc81698,0,0
sc81710,0,0
sc81736,0,0
sc81752,0,0
sc81140,0,0
sc81779,0,0
sc81795,0,0
sc80101,0,0
sc81540,0,0
sc81817,0,0
sc81833,0,0
sc81850,0,0
sc80586,0,0
sc81876,0,0
sc81892,0,0
sc81914,0,0
sc81930,0,0
sc80047,0,0
sc81957,0,0
sc81809,0,0
sc81973,0,0
sc80900,0,0
sc81990,0,0
sc82015,0,0
sc82031,0,0
sc83917,0,0
sc82058,0,0
sc82066,0,0
sc82074,0,0
sc82090,0,0
sc82112,0,0
sc80365,0,0
sc82139,0,0
sc82155,0,0
sc80004,0,0
sc82171,0,0
sc82198,0,0
sc81086,0,0
sc82210,0,0
sc82236,0,0
sc80322,0,0
sc82252,0,0
sc82279,0,0
sc80764,0,0
sc82295,0,0
sc83976,0,0
sc82317,0,0
sc80845,0,0
sc81442,0,0
sc81264,0,0
sc82333,0,0
sc82350,0,0
sc81566,0,0
sc82376,0,0
sc82392,0,0
sc80705,0,0
sc80403,0,0
sc80624,0,0
sc82414,0,0
sc82430,0,0
sc82457,0,0
sc82473,0,0
sc83925,0,0
sc82490,0,0
sc82538,0,0
sc82554,0,0
sc82570,0,0
sc80543,0,0
sc82597,0,0
sc82619,0,0
sc80926,0,0
sc82635,0,0
sc82651,0,0
sc82678,0,0
sc82694,0,0
sc82716,0,0
sc82732,0,0
sc82759,0,0
sc82775,0,0
sc81647,0,0
sc82791,0,0
sc82813,0,0
sc82830,0,0
sc82856,0,0
sc82872,0,0
sc82910,0,0
sc82899,0,0
sc82937,0,0
sc82953,0,0
sc80608,0,0
sc80560,0,0
sc82970,0,0
sc82996,0,0
sc83011,0,0
sc81523,0,0
sc83038,0,0
sc81000,0,0
sc83054,0,0
sc80721,0,0
sc83070,0,0
sc80241,0,0
sc80349,0,0
sc81507,0,0
sc81205,0,0
sc83097,0,0
sc83410,0,0
sc83437,0,0
sc83453,0,0
sc80284,0,0
sc83470,0,0
sc83496,0,0
sc80446,0,0
sc83119,0,0
sc81485,0,0
sc83135,0,0
sc83151,0,0
sc80942,0,0
sc83178,0,0
sc83194,0,0
sc83259,0,0
sc83275,0,0
sc83291,0,0
sc83313,0,0
sc83216,0,0
sc81124,0,0
sc80640,0,0
sc83232,0,0
sc83330,0,0
sc83356,0,0
sc83372,0,0
sc80780,0,0
sc83399,0,0
sc81183,0,0
sc83518,0,0
sc83534,0,0
sc81680,0,0
sc83550,0,0
sc83933,0,0
sc83577,0,0
sc80209,0,0
sc81345,0,0
sc83615,0,0
sc83631,0,0
sc83658,0,0
sc83593,0,0
sc83674,0,0
sc83682,0,0
sc83690,0,0
sc80144,0,0
sc83712,0,0
sc80160,0,0
sc83739,0,0
sc80462,0,0
sc80969,0,0
sc83755,0,0
sc83771,0,0
sc83798,0,0
sc80128,0,0
sc83810,0,0
sc83836,0,0
sc83852,0,0
sc83879,0,0
sc81825,0,0
sc80071,0,0
sc80098,0,0
sc80500,0,0
sc80110,0,0
se31011,0,0
se31038,0,0
se31054,0,0
se31070,0,0
se31097,0,0
se31119,0,0
se31151,0,0
se31135,0,0
se31194,0,0
se31216,0,0
se31232,0,0
se31259,0,0
se31275,0,0
se31291,0,0
se31313,0,0
se31330,0,0
se31372,0,0
se31399,0,0
se31410,0,0
se31437,0,0
se31453,0,0
se31496,0,0
se31470,0,0
se31518,0,0
se31534,0,0
se31550,0,0
se31577,0,0
se31593,0,0
se31615,0,0
se31631,0,0
se31658,0,0
se31674,0,0
se31690,0,0
se31712,0,0
se31739,0,0
se31755,0,0
se31771,0,0
se31798,0,0
se31810,0,0
se31836,0,0
se31852,0,0
se31879,0,0
se31356,0,0
se31895,0,0
se31917,0,0
se31933,0,0
se31950,0,0
se31976,0,0
se31992,0,0
se32018,0,0
se32034,0,0
se32050,0,0
se32115,0,0
se32077,0,0
se32093,0,0
se32131,0,0
se32174,0,0
se32158,0,0
se32190,0,0
se32212,0,0
se32239,0,0
se32255,0,0
se32298,0,0
se31003,0,0
se32310,0,0
se32417,0,0
se32433,0,0
se32336,0,0
se32352,0,0
se32379,0,0
se32395,0,0
se32450,0,0
se32476,0,0
se32492,0,0
se32514,0,0
sp61018,0,0
sp61034,0,0
sp61050,0,0
sp61131,0,0
sp61581,0,0
sp61158,0,0
sp61174,0,0
sp61190,0,0
sp61212,0,0
sp61220,0,0
sp61298,0,0
sp61310,0,0
sp61379,0,0
sp61336,0,0
sp61352,0,0
sp61395,0,0
sp61417,0,0
sp61433,0,0
sp61450,0,0
sp61476,0,0
sp61492,0,0
sp61514,0,0
sp61530,0,0
sp61590,0,0
sp61611,0,0
sp61646,0,0
sp61638,0,0
sp61654,0,0
sp61263,0,0
sp61557,0,0
sp61573,0,0
sp62065,0,0
sp61670,0,0
sp61697,0,0
sp61719,0,0
sp61735,0,0
sp61751,0,0
sp61778,0,0
sp61522,0,0
sp61794,0,0
sp61816,0,0
sp61832,0,0
sp61875,0,0
sp61891,0,0
sp61859,0,0
sp61913,0,0
sp61930,0,0
sp61972,0,0
sp61999,0,0
sp62030,0,0
sp62057,0,0
sp61360,0,0
sp62073,0,0
sp62090,0,0
sp62111,0,0
sp62138,0,0
sp62014,0,0
sp62154,0,0
sp62170,0,0
sp62197,0,0
sp62219,0,0
sp62235,0,0
sp62251,0,0
sp61280,0,0
sp62278,0,0
sp62294,0,0
sp62316,0,0
sp62332,0,0
sp62359,0,0
sp62375,0,0
sp62391,0,0
sp62413,0,0
sp61786,0,0
sp62456,0,0
sp62472,0,0
sp61026,0,0
sp62430,0,0
sp62499,0,0
sp62510,0,0
sp62553,0,0
sp62081,0,0
sp62570,0,0
sp62596,0,0
sp62618,0,0
sp62634,0,0
sp62650,0,0
sp61956,0,0
sp62693,0,0
sp62677,0,0
sp62731,0,0
sp62758,0,0
sp62774,0,0
sp62790,0,0
sp62812,0,0
sp62839,0,0
sp62855,0,0
sp61484,0,0
sp62871,0,0
sp62898,0,0
sp61506,0,0
sp62910,0,0
sp62936,0,0
sp62952,0,0
sp62979,0,0
sp62995,0,0
sp62103,0,0
sp61344,0,0
sp63070,0,0
sp63096,0,0
sp63053,0,0
sp63118,0,0
sp63134,0,0
sp63150,0,0
sp63177,0,0
sp63215,0,0
sp63231,0,0
sp63258,0,0
sp62715,0,0
sp63274,0,0
sp63290,0,0
sp63312,0,0
sp63339,0,0
sp63355,0,0
sp63371,0,0
sp63398,0,0
sp63410,0,0
sp63436,0,0
sp63452,0,0
sp63479,0,0
sp63495,0,0
sp63517,0,0
sp63533,0,0
sp63550,0,0
sp63592,0,0
sp63576,0,0
sp63614,0,0
sp63630,0,0
sp63657,0,0
sp63690,0,0
sp63673,0,0
sp63711,0,0
sp63738,0,0
sp63193,0,0
sp63010,0,0
sp63037,0,0
sp63754,0,0
sp63770,0,0
sp61123,0,0
sp63797,0,0
sp63819,0,0
sp63835,0,0
sp63851,0,0
sp63878,0,0
sp63894,0,0
sp63916,0,0
sp63932,0,0
sp63959,0,0
sp63975,0,0
sp63991,0,0
sp61760,0,0
sp61182,0,0
sp64017,0,0
sp64033,0,0
sp61387,0,0
sp61689,0,0
sp68659,0,0
sp61140,0,0
sp61662,0,0
sp64050,0,0
sp64076,0,0
sp61000,0,0
sp64092,0,0
sp64130,0,0
sp64114,0,0
sp62286,0,0
sp64157,0,0
sp64173,0,0
sp64190,0,0
sp64238,0,0
sp64211,0,0
sp64254,0,0
sp64270,0,0
sp64297,0,0
sp64319,0,0
sp64351,0,0
sp64378,0,0
sp62308,0,0
sp64394,0,0
sp64416,0,0
sp64432,0,0
sp64475,0,0
sp64459,0,0
sp64530,0,0
sp64513,0,0
sp64599,0,0
sp64610,0,0
sp64637,0,0
sp64653,0,0
sp64670,0,0
sp64696,0,0
sp64572,0,0
sp64718,0,0
sp64734,0,0
sp64750,0,0
sp64777,0,0
sp64556,0,0
sp61107,0,0
sp64491,0,0
sp64793,0,0
sp64335,0,0
sp64815,0,0
sp61743,0,0
sp61727,0,0
sp64831,0,0
sp64858,0,0
sp61085,0,0
sp64874,0,0
sp64912,0,0
sp64890,0,0
sp64939,0,0
sp64955,0,0
sp64971,0,0
sp64998,0,0
sp65030,0,0
sp65056,0,0
sp65013,0,0
sp65072,0,0
sp62006,0,0
sp61204,0,0
sp65099,0,0
sp65110,0,0
sp65137,0,0
sp65153,0,0
sp65170,0,0
sp65196,0,0
sp65218,0,0
sp65234,0,0
sp62243,0,0
sp65250,0,0
sp65277,0,0
sp65293,0,0
sp65331,0,0
sp65315,0,0
sp65358,0,0
sp65390,0,0
sp65412,0,0
sp65439,0,0
sp61603,0,0
sp65455,0,0
sp65471,0,0
sp65498,0,0
sp65510,0,0
sp65536,0,0
sp61948,0,0
sp65579,0,0
sp65617,0,0
sp65595,0,0
sp65633,0,0
sp65650,0,0
sp65676,0,0
sp65692,0,0
sp65714,0,0
sp65374,0,0
sp65730,0,0
sp65757,0,0
sp65773,0,0
sp65790,0,0
sp65811,0,0
sp65838,0,0
sp65552,0,0
sp65854,0,0
sp65870,0,0
sp65897,0,0
sp65919,0,0
sp65935,0,0
sp65951,0,0
sp65978,0,0
sp65994,0,0
sp66010,0,0
sp66036,0,0
sp66052,0,0
sp66079,0,0
sp66095,0,0
sp66117,0,0
sp66150,0,0
sp66133,0,0
sp62324,0,0
sp66192,0,0
sp66214,0,0
sp66257,0,0
sp66230,0,0
sp66176,0,0
sp66273,0,0
sp66290,0,0
sp66338,0,0
sp66311,0,0
sp66354,0,0
sp66370,0,0
sp66397,0,0
sp66419,0,0
sp66435,0,0
sp66451,0,0
sp62022,0,0
sp66478,0,0
sp66516,0,0
sp66494,0,0
sp66559,0,0
sp66575,0,0
sp66591,0,0
sp66532,0,0
sp66613,0,0
sp66630,0,0
sp66656,0,0
sp66672,0,0
sp66699,0,0
sp66710,0,0
sp66737,0,0
sp66753,0,0
sp66770,0,0
sp61867,0,0
sp66834,0,0
sp66796,0,0
sp66850,0,0
sp66818,0,0
sp66877,0,0
sp66893,0,0
sp66915,0,0
sp66931,0,0
sp61964,0,0
sp66958,0,0
sp66974,0,0
sp67016,0,0
sp66990,0,0
sp67032,0,0
sp67059,0,0
sp67075,0,0
sp67091,0,0
sp67113,0,0
sp67130,0,0
sp67156,0,0
sp67172,0,0
sp67199,0,0
sp67237,0,0
sp67253,0,0
sp67270,0,0
sp67296,0,0
sp67318,0,0
sp67334,0,0
sp67377,0,0
sp67350,0,0
sp67210,0,0
sp67393,0,0
sp67415,0,0
sp61069,0,0
sp67431,0,0
sp62340,0,0
sp67458,0,0
sp67474,0,0
sp67490,0,0
sp67512,0,0
sp67539,0,0
sp67555,0,0
sp67571,0,0
sp61980,0,0
sp61425,0,0
sp62367,0,0
sp67598,0,0
sp67610,0,0
sp67636,0,0
sp67652,0,0
sp67679,0,0
sp67695,0,0
sp61409,0,0
sp67717,0,0
sp67733,0,0
sp67750,0,0
sp67792,0,0
sp67814,0,0
sp67830,0,0
sp67857,0,0
sp67873,0,0
sp67890,0,0
sp67911,0,0
sp67938,0,0
sp67954,0,0
sp67970,0,0
sp62383,0,0
sp67997,0,0
sp68012,0,0
sp68039,0,0
sp68055,0,0
sp68071,0,0
sp68098,0,0
sp68110,0,0
sp68136,0,0
sp68179,0,0
sp68195,0,0
sp68217,0,0
sp68152,0,0
sp68233,0,0
sp68250,0,0
sp61824,0,0
sp68276,0,0
sp68292,0,0
sp62405,0,0
sp68330,0,0
sp68314,0,0
sp68357,0,0
sp68373,0,0
sp68390,0,0
sp68411,0,0
sp68438,0,0
sp61247,0,0
sp68454,0,0
sp68470,0,0
sp68497,0,0
sp68519,0,0
sp68535,0,0
sp68551,0,0
sp68578,0,0
sp68594,0,0
sp68616,0,0
sp68632,0,0
sp68675,0,0
sp68691,0,0
sp68713,0,0
sp68730,0,0
sp68756,0,0
sp68772,0,0
sp68799,0,0
sp68810,0,0
sp68837,0,0
sp68853,0,0
sp68870,0,0
sp68896,0,0
sp68918,0,0
sp68934,0,0
sp68950,0,0
sp68993,0,0
sp69019,0,0
sp69035,0,0
sp69051,0,0
sp61808,0,0
sp69078,0,0
sp69094,0,0
sp69116,0,0
sp69132,0,0
sp69159,0,0
sp61565,0,0
sp69175,0,0
sp68977,0,0
sp62120,0,0
sp69191,0,0
sp69213,0,0
sp62146,0,0
sp69230,0,0
sp69256,0,0
sp69272,0,0
sp69299,0,0
sp69310,0,0
sp69337,0,0
sp62162,0,0
sp69353,0,0
sp69370,0,0
sp69396,0,0
sp69418,0,0
sp69434,0,0
sp69450,0,0
sp69477,0,0
sp69493,0,0
sp69515,0,0
sp69531,0,0
sp69558,0,0
sp69574,0,0
sp69590,0,0
sp69612,0,0
sp69639,0,0
sp69655,0,0
sp62421,0,0
sp61700,0,0
sp69671,0,0
sp69698,0,0
sp69736,0,0
sp69752,0,0
sp69779,0,0
sp69795,0,0
sp69817,0,0
sp69833,0,0
sp69850,0,0
sp69710,0,0
sp61166,0,0
sp69876,0,0
sp69914,0,0
sp69892,0,0
sp69930,0,0
sp69957,0,0
sp69973,0,0
sp69990,0,0
sp70017,0,0
sp70033,0,0
sp61441,0,0
sp70050,0,0
sp70076,0,0
sp70092,0,0
sp70114,0,0
sp70130,0,0
sp70157,0,0
sp70211,0,0
sp70173,0,0
sp70238,0,0
sp70254,0,0
sp62189,0,0
sp70270,0,0
sp70297,0,0
sp70319,0,0
sp70335,0,0
sp70351,0,0
sp70378,0,0
sp70394,0,0
sp70416,0,0
sp70432,0,0
sp70491,0,0
sp70513,0,0
sp70530,0,0
sp62200,0,0
sp70459,0,0
sp70475,0,0
sp70556,0,0
sp70572,0,0
sp70599,0,0
sp70610,0,0
sp61328,0,0
sp70637,0,0
sp70653,0,0
sp70670,0,0
sp70718,0,0
sp70696,0,0
sp71234,0,0
sp71250,0,0
sp71277,0,0
sp71293,0,0
sp71331,0,0
sp71315,0,0
sp71358,0,0
sp71374,0,0
sp71390,0,0
sp71412,0,0
sp71439,0,0
sp71455,0,0
sp71471,0,0
sp71498,0,0
sp71510,0,0
sp61301,0,0
sp70734,0,0
sp70750,0,0
sp70777,0,0
sp70793,0,0
sp70815,0,0
sp70890,0,0
sp70912,0,0
sp70939,0,0
sp70955,0,0
sp70971,0,0
sp70998,0,0
sp70831,0,0
sp70858,0,0
sp61883,0,0
sp70874,0,0
sp61905,0,0
sp71013,0,0
sp71030,0,0
sp71056,0,0
sp71072,0,0
sp71099,0,0
sp71110,0,0
sp71137,0,0
sp71153,0,0
sp71170,0,0
sp71196,0,0
sp71218,0,0
sp71536,0,0
sp71552,0,0
sp71579,0,0
sp71595,0,0
sp71617,0,0
sp71633,0,0
sp71650,0,0
sp71676,0,0
sp71692,0,0
sp71730,0,0
sp71714,0,0
sp62260,0,0
sp71757,0,0
sp71773,0,0
sp61840,0,0
sp71790,0,0
sp61042,0,0
sp71811,0,0
sp71838,0,0
sp71854,0,0
sp71870,0,0
sp71897,0,0
sp71919,0,0
sp71935,0,0
sp62049,0,0
sp71951,0,0
sp62448,0,0
sp71978,0,0
sp71994,0,0
sp61620,0,0
sp72036,0,0
sp72010,0,0
sp72052,0,0
sp72079,0,0
sp61468,0,0
sp72095,0,0
sp72117,0,0
sp72133,0,0
sp72150,0,0
sp72192,0,0
sp72214,0,0
sp72176,0,0
sp72230,0,0
sp72257,0,0
sp72273,0,0
sp61549,0,0
sp72311,0,0
sp72737,0,0
sp72354,0,0
sp72370,0,0
sp72397,0,0
sp72419,0,0
sp62227,0,0
sp72435,0,0
sp72451,0,0
sp72338,0,0
sp61921,0,0
sp61077,0,0
sp61093,0,0
sp70190,0,0
sp61115,0,0
sp61239,0,0
sp61255,0,0
sp61271,0,0
sp67776,0,0
to73008,0,0
to73512,0,0
to96954,0,0
to92070,0,0
to92134,0,0
to92193,0,0
to73075,0,0
to96970,0,0
to73334,0,0
to92371,0,0
to73318,0,0
to92436,0,0
to92398,0,0
to92410,0,0
to92452,0,0
to92479,0,0
to96857,0,0
to92533,0,0
to92576,0,0
to92592,0,0
to73580,0,0
to73610,0,0
to96997,0,0
to92002,0,0
to73121,0,0
to73245,0,0
to92738,0,0
to92045,0,0
to73067,0,0
to73091,0,0
to73300,0,0
to73326,0,0
to73423,0,0
to92088,0,0
to73210,0,0
to73482,0,0
to73474,0,0
to93114,0,0
to95290,0,0
to92142,0,0
to93130,0,0
to93211,0,0
to93238,0,0
to73555,0,0
to73032,0,0
to93416,0,0
to92185,0,0
to93459,0,0
to93475,0,0
to73296,0,0
to96679,0,0
to93556,0,0
to93653,0,0
to73199,0,0
to96830,0,0
to92240,0,0
to95338,0,0
to96270,0,0
to93858,0,0
to73598,0,0
to94056,0,0
to94099,0,0
to73202,0,0
to94170,0,0
to73369,0,0
to73253,0,0
to73385,0,0
to73113,0,0
to73407,0,0
to73601,0,0
to95699,0,0
to73520,0,0
to92304,0,0
to73270,0,0
to73059,0,0
to94617,0,0
to94633,0,0
to94692,0,0
to73563,0,0
to73342,0,0
to94811,0,0
to94838,0,0
to96636,0,0
to92401,0,0
to94994,0,0
to73148,0,0
to73172,0,0
to73466,0,0
to73440,0,0
to73083,0,0
to73040,0,0
to96490,0,0
to95214,0,0
to95192,0,0
to73261,0,0
to95257,0,0
to95273,0,0
to92487,0,0
to95370,0,0
to73016,0,0
to95478,0,0
to95516,0,0
to95532,0,0
to92509,0,0
to95591,0,0
to92525,0,0
to96296,0,0
to73571,0,0
to73229,0,0
to73024,0,0
to73431,0,0
to73415,0,0
to96792,0,0
to92541,0,0
to73156,0,0
to73350,0,0
to73130,0,0
to73547,0,0
to92584,0,0
to92606,0,0
to73539,0,0
to96598,0,0
to73377,0,0
to73288,0,0
to73105,0,0
to73180,0,0
to73393,0,0
to96032,0,0
to92681,0,0
to96130,0,0
to96156,0,0
to73164,0,0
to73504,0,0
to96210,0,0
to96199,0,0
to73458,0,0
to73237,0,0
to96652,0,0
to96431,0,0
